paper_table,experiment,model,dataset,task,metric,paper_value,reproduced_value,absolute_delta,relative_delta,seed,checkpoint,status,notes
Table 2,oea_nemo3b_cl_clotho_t2a_public_code_default_joint_all_captions,OEA-Nemo3B (+Cl),Clotho,T2A,R@1,21.57,21.72248803827751,0.152488,0.706945,42,JudeJiwoo/OEA-Nemo3B-Cl@9588912298afca0b11f5895b864ae28083f35022/step_450_best_inference_only.pt#sha256:2a5bee9039a28c0028cf205d1e2f4302fda540dd913f4cc1b08301edfc6680c4,close,"[unit=percent] [CODE] Public eval_core default joint task path evaluates all 5,225 captions. Absolute delta is 0.152488 percentage points. This predeclared protocol remains separate from the missing strict paper protocol; the public-code audio candidate bank also omits the passage: prefix stated by PAPER."
Table 2,oea_nemo3b_cl_clotho_t2a_public_code_default_joint_all_captions,OEA-Nemo3B (+Cl),Clotho,T2A,R@5,47.16,47.119617224880386,0.040383,-0.085629,42,JudeJiwoo/OEA-Nemo3B-Cl@9588912298afca0b11f5895b864ae28083f35022/step_450_best_inference_only.pt#sha256:2a5bee9039a28c0028cf205d1e2f4302fda540dd913f4cc1b08301edfc6680c4,close,"[unit=percent] [CODE] Public eval_core default joint task path evaluates all 5,225 captions. Absolute delta is 0.040383 percentage points. This predeclared protocol remains separate from the missing strict paper protocol; the public-code audio candidate bank also omits the passage: prefix stated by PAPER."
Table 2,oea_nemo3b_cl_clotho_t2a_public_code_default_joint_all_captions,OEA-Nemo3B (+Cl),Clotho,T2A,R@10,60.36,60.44019138755981,0.080191,0.132855,42,JudeJiwoo/OEA-Nemo3B-Cl@9588912298afca0b11f5895b864ae28083f35022/step_450_best_inference_only.pt#sha256:2a5bee9039a28c0028cf205d1e2f4302fda540dd913f4cc1b08301edfc6680c4,close,"[unit=percent] [CODE] Public eval_core default joint task path evaluates all 5,225 captions. Absolute delta is 0.080191 percentage points. This predeclared protocol remains separate from the missing strict paper protocol; the public-code audio candidate bank also omits the passage: prefix stated by PAPER."
Table 2,oea_nemo3b_cl_clotho_t2a_public_code_t2a_only_seed0,OEA-Nemo3B (+Cl),Clotho,T2A,R@1,21.57,21.626794258373206,0.056794,0.263302,42,JudeJiwoo/OEA-Nemo3B-Cl@9588912298afca0b11f5895b864ae28083f35022/step_450_best_inference_only.pt#sha256:2a5bee9039a28c0028cf205d1e2f4302fda540dd913f4cc1b08301edfc6680c4,close,[unit=percent] [CODE] T2A-only eval_core path samples one caption per clip with query-selection seed 0; embedding seed is 42. Absolute delta is 0.056794 percentage points. The public-code audio candidate bank omits the passage: prefix stated by PAPER.
Table 2,oea_nemo3b_cl_clotho_t2a_public_code_t2a_only_seed0,OEA-Nemo3B (+Cl),Clotho,T2A,R@5,47.16,46.79425837320574,0.365742,-0.775534,42,JudeJiwoo/OEA-Nemo3B-Cl@9588912298afca0b11f5895b864ae28083f35022/step_450_best_inference_only.pt#sha256:2a5bee9039a28c0028cf205d1e2f4302fda540dd913f4cc1b08301edfc6680c4,close,[unit=percent] [CODE] T2A-only eval_core path samples one caption per clip with query-selection seed 0; embedding seed is 42. Absolute delta is 0.365742 percentage points. The public-code audio candidate bank omits the passage: prefix stated by PAPER.
Table 2,oea_nemo3b_cl_clotho_t2a_public_code_t2a_only_seed0,OEA-Nemo3B (+Cl),Clotho,T2A,R@10,60.36,59.80861244019139,0.551388,-0.913498,42,JudeJiwoo/OEA-Nemo3B-Cl@9588912298afca0b11f5895b864ae28083f35022/step_450_best_inference_only.pt#sha256:2a5bee9039a28c0028cf205d1e2f4302fda540dd913f4cc1b08301edfc6680c4,close,[unit=percent] [CODE] T2A-only eval_core path samples one caption per clip with query-selection seed 0; embedding seed is 42. Absolute delta is 0.551388 percentage points. The public-code audio candidate bank omits the passage: prefix stated by PAPER.
Table 2,oea_nemo3b_cl_clotho_t2a_strict_paper_protocol,OEA-Nemo3B (+Cl),Clotho,T2A,R@1,21.57,,,,,JudeJiwoo/OEA-Nemo3B-Cl@9588912298afca0b11f5895b864ae28083f35022/step_450_best_inference_only.pt#sha256:2a5bee9039a28c0028cf205d1e2f4302fda540dd913f4cc1b08301edfc6680c4,blocked,[unit=percent] [MISSING] The paper and public evaluation command do not identify whether one or all five Clotho captions are used as T2A queries. No post-result protocol selection is permitted.
Table 2,oea_nemo3b_cl_clotho_t2a_strict_paper_protocol,OEA-Nemo3B (+Cl),Clotho,T2A,R@5,47.16,,,,,JudeJiwoo/OEA-Nemo3B-Cl@9588912298afca0b11f5895b864ae28083f35022/step_450_best_inference_only.pt#sha256:2a5bee9039a28c0028cf205d1e2f4302fda540dd913f4cc1b08301edfc6680c4,blocked,[unit=percent] [MISSING] The paper and public evaluation command do not identify whether one or all five Clotho captions are used as T2A queries. No post-result protocol selection is permitted.
Table 2,oea_nemo3b_cl_clotho_t2a_strict_paper_protocol,OEA-Nemo3B (+Cl),Clotho,T2A,R@10,60.36,,,,,JudeJiwoo/OEA-Nemo3B-Cl@9588912298afca0b11f5895b864ae28083f35022/step_450_best_inference_only.pt#sha256:2a5bee9039a28c0028cf205d1e2f4302fda540dd913f4cc1b08301edfc6680c4,blocked,[unit=percent] [MISSING] The paper and public evaluation command do not identify whether one or all five Clotho captions are used as T2A queries. No post-result protocol selection is permitted.
Table 2,oea_qwen3b_cl_clotho_t2a_public_code_default_joint_all_captions,OEA-Qwen3B (+Cl),Clotho,T2A,R@1,22.87,22.736842105263158,0.133158,-0.582238,42,JudeJiwoo/OEA-Qwen3B-Cl@54ccd008d4a1340d2a1f8edcd5dd0e82c61367a4/step_40_inference_only.pt#sha256:f084bf3c3ad645809e4c7e22cf148caef788cb96c019729576b881291268432a,close,"[unit=percent] [CODE] Public eval_core default joint task path evaluates all 5,225 captions. Absolute delta is 0.133158 percentage points. This predeclared protocol is reported separately and is not promoted to the missing strict paper protocol based on closeness."
Table 2,oea_qwen3b_cl_clotho_t2a_public_code_default_joint_all_captions,OEA-Qwen3B (+Cl),Clotho,T2A,R@5,49.78,49.473684210526315,0.306316,-0.615339,42,JudeJiwoo/OEA-Qwen3B-Cl@54ccd008d4a1340d2a1f8edcd5dd0e82c61367a4/step_40_inference_only.pt#sha256:f084bf3c3ad645809e4c7e22cf148caef788cb96c019729576b881291268432a,close,"[unit=percent] [CODE] Public eval_core default joint task path evaluates all 5,225 captions. Absolute delta is 0.306316 percentage points. This predeclared protocol is reported separately and is not promoted to the missing strict paper protocol based on closeness."
Table 2,oea_qwen3b_cl_clotho_t2a_public_code_default_joint_all_captions,OEA-Qwen3B (+Cl),Clotho,T2A,R@10,63.25,63.311004784689,0.061005,0.09645,42,JudeJiwoo/OEA-Qwen3B-Cl@54ccd008d4a1340d2a1f8edcd5dd0e82c61367a4/step_40_inference_only.pt#sha256:f084bf3c3ad645809e4c7e22cf148caef788cb96c019729576b881291268432a,close,"[unit=percent] [CODE] Public eval_core default joint task path evaluates all 5,225 captions. Absolute delta is 0.061005 percentage points. This predeclared protocol is reported separately and is not promoted to the missing strict paper protocol based on closeness."
Table 2,oea_qwen3b_cl_clotho_t2a_public_code_t2a_only_seed0,OEA-Qwen3B (+Cl),Clotho,T2A,R@1,22.87,21.913875598086126,0.956124,-4.180693,42,JudeJiwoo/OEA-Qwen3B-Cl@54ccd008d4a1340d2a1f8edcd5dd0e82c61367a4/step_40_inference_only.pt#sha256:f084bf3c3ad645809e4c7e22cf148caef788cb96c019729576b881291268432a,close,[unit=percent] [CODE] T2A-only eval_core path samples one caption per clip with query-selection seed 0; embedding seed is 42. Absolute delta is 0.956124 percentage points. The result remains separate from the missing strict paper protocol.
Table 2,oea_qwen3b_cl_clotho_t2a_public_code_t2a_only_seed0,OEA-Qwen3B (+Cl),Clotho,T2A,R@5,49.78,49.760765550239235,0.019234,-0.038639,42,JudeJiwoo/OEA-Qwen3B-Cl@54ccd008d4a1340d2a1f8edcd5dd0e82c61367a4/step_40_inference_only.pt#sha256:f084bf3c3ad645809e4c7e22cf148caef788cb96c019729576b881291268432a,close,[unit=percent] [CODE] T2A-only eval_core path samples one caption per clip with query-selection seed 0; embedding seed is 42. Absolute delta is 0.019234 percentage points. The result remains separate from the missing strict paper protocol.
Table 2,oea_qwen3b_cl_clotho_t2a_public_code_t2a_only_seed0,OEA-Qwen3B (+Cl),Clotho,T2A,R@10,63.25,64.21052631578948,0.960526,1.518619,42,JudeJiwoo/OEA-Qwen3B-Cl@54ccd008d4a1340d2a1f8edcd5dd0e82c61367a4/step_40_inference_only.pt#sha256:f084bf3c3ad645809e4c7e22cf148caef788cb96c019729576b881291268432a,close,[unit=percent] [CODE] T2A-only eval_core path samples one caption per clip with query-selection seed 0; embedding seed is 42. Absolute delta is 0.960526 percentage points. The result remains separate from the missing strict paper protocol.
Table 2,oea_qwen3b_cl_clotho_t2a_strict_paper_protocol,OEA-Qwen3B (+Cl),Clotho,T2A,R@1,22.87,,,,,JudeJiwoo/OEA-Qwen3B-Cl@54ccd008d4a1340d2a1f8edcd5dd0e82c61367a4/step_40_inference_only.pt#sha256:f084bf3c3ad645809e4c7e22cf148caef788cb96c019729576b881291268432a,blocked,[unit=percent] [MISSING] The paper and public evaluation command do not identify whether one or all five Clotho captions are used as T2A queries. No post-result protocol selection is permitted.
Table 2,oea_qwen3b_cl_clotho_t2a_strict_paper_protocol,OEA-Qwen3B (+Cl),Clotho,T2A,R@5,49.78,,,,,JudeJiwoo/OEA-Qwen3B-Cl@54ccd008d4a1340d2a1f8edcd5dd0e82c61367a4/step_40_inference_only.pt#sha256:f084bf3c3ad645809e4c7e22cf148caef788cb96c019729576b881291268432a,blocked,[unit=percent] [MISSING] The paper and public evaluation command do not identify whether one or all five Clotho captions are used as T2A queries. No post-result protocol selection is permitted.
Table 2,oea_qwen3b_cl_clotho_t2a_strict_paper_protocol,OEA-Qwen3B (+Cl),Clotho,T2A,R@10,63.25,,,,,JudeJiwoo/OEA-Qwen3B-Cl@54ccd008d4a1340d2a1f8edcd5dd0e82c61367a4/step_40_inference_only.pt#sha256:f084bf3c3ad645809e4c7e22cf148caef788cb96c019729576b881291268432a,blocked,[unit=percent] [MISSING] The paper and public evaluation command do not identify whether one or all five Clotho captions are used as T2A queries. No post-result protocol selection is permitted.
Table 2,oea_qwen3b_clotho_t2a_public_code_default_joint_all_captions,OEA-Qwen3B,Clotho,T2A,R@1,19.18,19.004784688995215,0.175215,-0.913531,42,JudeJiwoo/OEA-Qwen3B-AC@f6c4b3b86385fd7ecbe3bacf45548a2259af8db4/step_350_inference_only.pt#sha256:b1d0f559711b70f5a80dbdeb8cd46d80ed7b38b8e5524b9a871878d8bcd5f101,close,"[unit=percent] [CODE] Public eval_core default joint task path evaluates all 5,225 captions. Absolute delta is 0.175215 percentage points. This predeclared protocol remains separate from the missing strict paper protocol."
Table 2,oea_qwen3b_clotho_t2a_public_code_default_joint_all_captions,OEA-Qwen3B,Clotho,T2A,R@5,42.05,41.952153110047846,0.097847,-0.232692,42,JudeJiwoo/OEA-Qwen3B-AC@f6c4b3b86385fd7ecbe3bacf45548a2259af8db4/step_350_inference_only.pt#sha256:b1d0f559711b70f5a80dbdeb8cd46d80ed7b38b8e5524b9a871878d8bcd5f101,close,"[unit=percent] [CODE] Public eval_core default joint task path evaluates all 5,225 captions. Absolute delta is 0.097847 percentage points. This predeclared protocol remains separate from the missing strict paper protocol."
Table 2,oea_qwen3b_clotho_t2a_public_code_default_joint_all_captions,OEA-Qwen3B,Clotho,T2A,R@10,55.85,55.961722488038276,0.111722,0.20004,42,JudeJiwoo/OEA-Qwen3B-AC@f6c4b3b86385fd7ecbe3bacf45548a2259af8db4/step_350_inference_only.pt#sha256:b1d0f559711b70f5a80dbdeb8cd46d80ed7b38b8e5524b9a871878d8bcd5f101,close,"[unit=percent] [CODE] Public eval_core default joint task path evaluates all 5,225 captions. Absolute delta is 0.111722 percentage points. This predeclared protocol remains separate from the missing strict paper protocol."
Table 2,oea_qwen3b_clotho_t2a_public_code_t2a_only_seed0,OEA-Qwen3B,Clotho,T2A,R@1,19.18,19.330143540669855,0.150144,0.782813,42,JudeJiwoo/OEA-Qwen3B-AC@f6c4b3b86385fd7ecbe3bacf45548a2259af8db4/step_350_inference_only.pt#sha256:b1d0f559711b70f5a80dbdeb8cd46d80ed7b38b8e5524b9a871878d8bcd5f101,close,[unit=percent] [CODE] T2A-only eval_core path samples one caption per clip with query-selection seed 0; embedding seed is 42. Absolute delta is 0.150144 percentage points.
Table 2,oea_qwen3b_clotho_t2a_public_code_t2a_only_seed0,OEA-Qwen3B,Clotho,T2A,R@5,42.05,41.72248803827751,0.327512,-0.778863,42,JudeJiwoo/OEA-Qwen3B-AC@f6c4b3b86385fd7ecbe3bacf45548a2259af8db4/step_350_inference_only.pt#sha256:b1d0f559711b70f5a80dbdeb8cd46d80ed7b38b8e5524b9a871878d8bcd5f101,close,[unit=percent] [CODE] T2A-only eval_core path samples one caption per clip with query-selection seed 0; embedding seed is 42. Absolute delta is 0.327512 percentage points.
Table 2,oea_qwen3b_clotho_t2a_public_code_t2a_only_seed0,OEA-Qwen3B,Clotho,T2A,R@10,55.85,55.69377990430622,0.15622,-0.279714,42,JudeJiwoo/OEA-Qwen3B-AC@f6c4b3b86385fd7ecbe3bacf45548a2259af8db4/step_350_inference_only.pt#sha256:b1d0f559711b70f5a80dbdeb8cd46d80ed7b38b8e5524b9a871878d8bcd5f101,close,[unit=percent] [CODE] T2A-only eval_core path samples one caption per clip with query-selection seed 0; embedding seed is 42. Absolute delta is 0.156220 percentage points.
Table 2,oea_qwen3b_clotho_t2a_strict_paper_protocol,OEA-Qwen3B,Clotho,T2A,R@1,19.18,,,,,JudeJiwoo/OEA-Qwen3B-AC@f6c4b3b86385fd7ecbe3bacf45548a2259af8db4/step_350_inference_only.pt#sha256:b1d0f559711b70f5a80dbdeb8cd46d80ed7b38b8e5524b9a871878d8bcd5f101,blocked,[unit=percent] [MISSING] The paper and public evaluation command do not identify whether one or all five Clotho captions are used as T2A queries. No post-result protocol selection is permitted.
Table 2,oea_qwen3b_clotho_t2a_strict_paper_protocol,OEA-Qwen3B,Clotho,T2A,R@5,42.05,,,,,JudeJiwoo/OEA-Qwen3B-AC@f6c4b3b86385fd7ecbe3bacf45548a2259af8db4/step_350_inference_only.pt#sha256:b1d0f559711b70f5a80dbdeb8cd46d80ed7b38b8e5524b9a871878d8bcd5f101,blocked,[unit=percent] [MISSING] The paper and public evaluation command do not identify whether one or all five Clotho captions are used as T2A queries. No post-result protocol selection is permitted.
Table 2,oea_qwen3b_clotho_t2a_strict_paper_protocol,OEA-Qwen3B,Clotho,T2A,R@10,55.85,,,,,JudeJiwoo/OEA-Qwen3B-AC@f6c4b3b86385fd7ecbe3bacf45548a2259af8db4/step_350_inference_only.pt#sha256:b1d0f559711b70f5a80dbdeb8cd46d80ed7b38b8e5524b9a871878d8bcd5f101,blocked,[unit=percent] [MISSING] The paper and public evaluation command do not identify whether one or all five Clotho captions are used as T2A queries. No post-result protocol selection is permitted.
Table 2,official_source_laion_clap_clotho_t2a_public_code_default_joint_all_captions,LAION-CLAP,Clotho,T2A,R@1,13.34,14.047847,0.707847,5.306199,0,laion-clap==1.1.6:630k-audioset-best.pt#sha256=8053c9775516af2f4902e1e8281e356cc1bf7a85e8b761908170767b77c3f037,close,"[unit=percent] [CODE][OBSERVED] Public-code all-caption T2A evaluates 5,225 captions. PAPER caption selection is not disclosed; both predeclared T2A protocols remain visible."
Table 2,official_source_laion_clap_clotho_t2a_public_code_default_joint_all_captions,LAION-CLAP,Clotho,T2A,R@5,33.49,37.205742,3.715742,11.095079,0,laion-clap==1.1.6:630k-audioset-best.pt#sha256=8053c9775516af2f4902e1e8281e356cc1bf7a85e8b761908170767b77c3f037,close,"[unit=percent] [CODE][OBSERVED] Public-code all-caption T2A evaluates 5,225 captions. PAPER caption selection is not disclosed; both predeclared T2A protocols remain visible."
Table 2,official_source_laion_clap_clotho_t2a_public_code_default_joint_all_captions,LAION-CLAP,Clotho,T2A,R@10,46.22,49.818182,3.598182,7.784903,0,laion-clap==1.1.6:630k-audioset-best.pt#sha256=8053c9775516af2f4902e1e8281e356cc1bf7a85e8b761908170767b77c3f037,close,"[unit=percent] [CODE][OBSERVED] Public-code all-caption T2A evaluates 5,225 captions. PAPER caption selection is not disclosed; both predeclared T2A protocols remain visible."
Table 2,official_source_laion_clap_clotho_t2a_public_code_t2a_only_seed0,LAION-CLAP,Clotho,T2A,R@1,13.34,13.684211,0.344211,2.580292,0,laion-clap==1.1.6:630k-audioset-best.pt#sha256=8053c9775516af2f4902e1e8281e356cc1bf7a85e8b761908170767b77c3f037,close,"[unit=percent] [CODE][OBSERVED] Public-code seed-0 one-caption T2A evaluates 1,045 captions. PAPER caption selection is not disclosed; both predeclared T2A protocols remain visible."
Table 2,official_source_laion_clap_clotho_t2a_public_code_t2a_only_seed0,LAION-CLAP,Clotho,T2A,R@5,33.49,38.564593,5.074593,15.152562,0,laion-clap==1.1.6:630k-audioset-best.pt#sha256=8053c9775516af2f4902e1e8281e356cc1bf7a85e8b761908170767b77c3f037,close,"[unit=percent] [CODE][OBSERVED] Public-code seed-0 one-caption T2A evaluates 1,045 captions. PAPER caption selection is not disclosed; both predeclared T2A protocols remain visible."
Table 2,official_source_laion_clap_clotho_t2a_public_code_t2a_only_seed0,LAION-CLAP,Clotho,T2A,R@10,46.22,49.952153,3.732153,8.074758,0,laion-clap==1.1.6:630k-audioset-best.pt#sha256=8053c9775516af2f4902e1e8281e356cc1bf7a85e8b761908170767b77c3f037,close,"[unit=percent] [CODE][OBSERVED] Public-code seed-0 one-caption T2A evaluates 1,045 captions. PAPER caption selection is not disclosed; both predeclared T2A protocols remain visible."
Table 2,official_source_m2d_clap_clotho_t2a_public_code_default_joint_all_captions,M2D-CLAP,Clotho,T2A,R@1,17.55,16.421053,1.128947,-6.432746,0,M2D-CLAP@3d0c4de9447c404a8d3f9f37e04f53bc902e09b3:checkpoint-30.pth#sha256=238521603c04862ab151cdd80980b591cb36ebe844d43203992fac9ef085c8a1,close,"[unit=percent] [CODE][OBSERVED] Public-code all-caption T2A evaluates 5,225 captions. PAPER caption selection is not disclosed; both predeclared T2A protocols remain visible."
Table 2,official_source_m2d_clap_clotho_t2a_public_code_default_joint_all_captions,M2D-CLAP,Clotho,T2A,R@5,42.91,40.708134,2.201866,-5.131359,0,M2D-CLAP@3d0c4de9447c404a8d3f9f37e04f53bc902e09b3:checkpoint-30.pth#sha256=238521603c04862ab151cdd80980b591cb36ebe844d43203992fac9ef085c8a1,close,"[unit=percent] [CODE][OBSERVED] Public-code all-caption T2A evaluates 5,225 captions. PAPER caption selection is not disclosed; both predeclared T2A protocols remain visible."
Table 2,official_source_m2d_clap_clotho_t2a_public_code_default_joint_all_captions,M2D-CLAP,Clotho,T2A,R@10,55.54,53.703349,1.836651,-3.306898,0,M2D-CLAP@3d0c4de9447c404a8d3f9f37e04f53bc902e09b3:checkpoint-30.pth#sha256=238521603c04862ab151cdd80980b591cb36ebe844d43203992fac9ef085c8a1,close,"[unit=percent] [CODE][OBSERVED] Public-code all-caption T2A evaluates 5,225 captions. PAPER caption selection is not disclosed; both predeclared T2A protocols remain visible."
Table 2,official_source_m2d_clap_clotho_t2a_public_code_t2a_only_seed0,M2D-CLAP,Clotho,T2A,R@1,17.55,17.129187,0.420813,-2.397795,0,M2D-CLAP@3d0c4de9447c404a8d3f9f37e04f53bc902e09b3:checkpoint-30.pth#sha256=238521603c04862ab151cdd80980b591cb36ebe844d43203992fac9ef085c8a1,close,"[unit=percent] [CODE][OBSERVED] Public-code seed-0 one-caption T2A evaluates 1,045 captions. PAPER caption selection is not disclosed; both predeclared T2A protocols remain visible."
Table 2,official_source_m2d_clap_clotho_t2a_public_code_t2a_only_seed0,M2D-CLAP,Clotho,T2A,R@5,42.91,40.478469,2.431531,-5.666584,0,M2D-CLAP@3d0c4de9447c404a8d3f9f37e04f53bc902e09b3:checkpoint-30.pth#sha256=238521603c04862ab151cdd80980b591cb36ebe844d43203992fac9ef085c8a1,close,"[unit=percent] [CODE][OBSERVED] Public-code seed-0 one-caption T2A evaluates 1,045 captions. PAPER caption selection is not disclosed; both predeclared T2A protocols remain visible."
Table 2,official_source_m2d_clap_clotho_t2a_public_code_t2a_only_seed0,M2D-CLAP,Clotho,T2A,R@10,55.54,53.779904,1.760096,-3.16906,0,M2D-CLAP@3d0c4de9447c404a8d3f9f37e04f53bc902e09b3:checkpoint-30.pth#sha256=238521603c04862ab151cdd80980b591cb36ebe844d43203992fac9ef085c8a1,close,"[unit=percent] [CODE][OBSERVED] Public-code seed-0 one-caption T2A evaluates 1,045 captions. PAPER caption selection is not disclosed; both predeclared T2A protocols remain visible."
Table 2,official_source_mga_clap_clotho_t2a_public_code_default_joint_all_captions,MGA-CLAP,Clotho,T2A,R@1,18.78,21.110048,2.330048,12.407071,0,MGA-CLAP@48ca5a5cd22cd34427e118bd8cf332090ec54770:model.pt#sha256=8703740b738e973a5b4d8a18a074ad56880e98f8ba21cd618d7d7ee5422d6e26,close,"[unit=percent] [CODE][OBSERVED] Public-code all-caption T2A evaluates 5,225 captions. PAPER caption selection is not disclosed; both predeclared T2A protocols remain visible."
Table 2,official_source_mga_clap_clotho_t2a_public_code_default_joint_all_captions,MGA-CLAP,Clotho,T2A,R@5,43.79,46.947368,3.157368,7.210249,0,MGA-CLAP@48ca5a5cd22cd34427e118bd8cf332090ec54770:model.pt#sha256=8703740b738e973a5b4d8a18a074ad56880e98f8ba21cd618d7d7ee5422d6e26,close,"[unit=percent] [CODE][OBSERVED] Public-code all-caption T2A evaluates 5,225 captions. PAPER caption selection is not disclosed; both predeclared T2A protocols remain visible."
Table 2,official_source_mga_clap_clotho_t2a_public_code_default_joint_all_captions,MGA-CLAP,Clotho,T2A,R@10,56.63,60.076555,3.446555,6.086094,0,MGA-CLAP@48ca5a5cd22cd34427e118bd8cf332090ec54770:model.pt#sha256=8703740b738e973a5b4d8a18a074ad56880e98f8ba21cd618d7d7ee5422d6e26,close,"[unit=percent] [CODE][OBSERVED] Public-code all-caption T2A evaluates 5,225 captions. PAPER caption selection is not disclosed; both predeclared T2A protocols remain visible."
Table 2,official_source_mga_clap_clotho_t2a_public_code_t2a_only_seed0,MGA-CLAP,Clotho,T2A,R@1,18.78,21.435407,2.655407,14.139547,0,MGA-CLAP@48ca5a5cd22cd34427e118bd8cf332090ec54770:model.pt#sha256=8703740b738e973a5b4d8a18a074ad56880e98f8ba21cd618d7d7ee5422d6e26,close,"[unit=percent] [CODE][OBSERVED] Public-code seed-0 one-caption T2A evaluates 1,045 captions. PAPER caption selection is not disclosed; both predeclared T2A protocols remain visible."
Table 2,official_source_mga_clap_clotho_t2a_public_code_t2a_only_seed0,MGA-CLAP,Clotho,T2A,R@5,43.79,46.507177,2.717177,6.205017,0,MGA-CLAP@48ca5a5cd22cd34427e118bd8cf332090ec54770:model.pt#sha256=8703740b738e973a5b4d8a18a074ad56880e98f8ba21cd618d7d7ee5422d6e26,close,"[unit=percent] [CODE][OBSERVED] Public-code seed-0 one-caption T2A evaluates 1,045 captions. PAPER caption selection is not disclosed; both predeclared T2A protocols remain visible."
Table 2,official_source_mga_clap_clotho_t2a_public_code_t2a_only_seed0,MGA-CLAP,Clotho,T2A,R@10,56.63,59.712919,3.082919,5.443968,0,MGA-CLAP@48ca5a5cd22cd34427e118bd8cf332090ec54770:model.pt#sha256=8703740b738e973a5b4d8a18a074ad56880e98f8ba21cd618d7d7ee5422d6e26,close,"[unit=percent] [CODE][OBSERVED] Public-code seed-0 one-caption T2A evaluates 1,045 captions. PAPER caption selection is not disclosed; both predeclared T2A protocols remain visible."
Table 2,official_source_oea_nemo3b_ac_clotho_t2a_public_code_default_joint_all_captions,OEA-Nemo3B,Clotho,T2A,R@1,19.04,18.277511961722485,0.762488,-4.004664,42,JudeJiwoo/OEA-Nemo3B-AC@8ed66aa77bc6f2001b807b5d2bd3e60503d89535/step_400_best.pt#sha256:55579dfbd4f6621b5d842c5e731d6a1d37dbfd04b26b1c55bf8cdea980e67d25,close,"[unit=percent] [CODE][OBSERVED] Official OEA loader and official metric source; all 5,225 captions query the 1,045-audio bank. The paper does not disclose caption selection, and the public audio path omits PAPER's passage prefix; this is not a strict paper-protocol claim."
Table 2,official_source_oea_nemo3b_ac_clotho_t2a_public_code_default_joint_all_captions,OEA-Nemo3B,Clotho,T2A,R@5,40.57,41.32057416267942,0.750574,1.850072,42,JudeJiwoo/OEA-Nemo3B-AC@8ed66aa77bc6f2001b807b5d2bd3e60503d89535/step_400_best.pt#sha256:55579dfbd4f6621b5d842c5e731d6a1d37dbfd04b26b1c55bf8cdea980e67d25,close,"[unit=percent] [CODE][OBSERVED] Official OEA loader and official metric source; all 5,225 captions query the 1,045-audio bank. The paper does not disclose caption selection, and the public audio path omits PAPER's passage prefix; this is not a strict paper-protocol claim."
Table 2,official_source_oea_nemo3b_ac_clotho_t2a_public_code_default_joint_all_captions,OEA-Nemo3B,Clotho,T2A,R@10,54.24,54.20095693779904,0.039043,-0.071982,42,JudeJiwoo/OEA-Nemo3B-AC@8ed66aa77bc6f2001b807b5d2bd3e60503d89535/step_400_best.pt#sha256:55579dfbd4f6621b5d842c5e731d6a1d37dbfd04b26b1c55bf8cdea980e67d25,close,"[unit=percent] [CODE][OBSERVED] Official OEA loader and official metric source; all 5,225 captions query the 1,045-audio bank. The paper does not disclose caption selection, and the public audio path omits PAPER's passage prefix; this is not a strict paper-protocol claim."
Table 2,official_source_oea_nemo3b_ac_clotho_t2a_public_code_t2a_only_seed0,OEA-Nemo3B,Clotho,T2A,R@1,19.04,17.99043062200957,1.049569,-5.512444,42,JudeJiwoo/OEA-Nemo3B-AC@8ed66aa77bc6f2001b807b5d2bd3e60503d89535/step_400_best.pt#sha256:55579dfbd4f6621b5d842c5e731d6a1d37dbfd04b26b1c55bf8cdea980e67d25,close,"[unit=percent] [CODE][OBSERVED] Official public-code T2A-only selection uses one seed-0 caption per clip; embedding-suite seed is 42. Both predeclared caption protocols remain reported, and no protocol is selected post hoc."
Table 2,official_source_oea_nemo3b_ac_clotho_t2a_public_code_t2a_only_seed0,OEA-Nemo3B,Clotho,T2A,R@5,40.57,41.62679425837321,1.056794,2.604866,42,JudeJiwoo/OEA-Nemo3B-AC@8ed66aa77bc6f2001b807b5d2bd3e60503d89535/step_400_best.pt#sha256:55579dfbd4f6621b5d842c5e731d6a1d37dbfd04b26b1c55bf8cdea980e67d25,close,"[unit=percent] [CODE][OBSERVED] Official public-code T2A-only selection uses one seed-0 caption per clip; embedding-suite seed is 42. Both predeclared caption protocols remain reported, and no protocol is selected post hoc."
Table 2,official_source_oea_nemo3b_ac_clotho_t2a_public_code_t2a_only_seed0,OEA-Nemo3B,Clotho,T2A,R@10,54.24,55.78947368421052,1.549474,2.856699,42,JudeJiwoo/OEA-Nemo3B-AC@8ed66aa77bc6f2001b807b5d2bd3e60503d89535/step_400_best.pt#sha256:55579dfbd4f6621b5d842c5e731d6a1d37dbfd04b26b1c55bf8cdea980e67d25,close,"[unit=percent] [CODE][OBSERVED] Official public-code T2A-only selection uses one seed-0 caption per clip; embedding-suite seed is 42. Both predeclared caption protocols remain reported, and no protocol is selected post hoc."
Table 2,official_source_oea_qwen7b_ac_clotho_t2a_public_code_default_joint_all_captions,OEA-Qwen7B,Clotho,T2A,R@1,19.77,19.885167464114833,0.115167,0.582536,0,JudeJiwoo/OEA-Qwen7B-AC@f44f247020a7192affe6927db91d0778d33b9791/step_300.pt#sha256:cd751e3a71f0b47b9ecbbc0f5a11e4673097f0ebdbd80f610387f5778dd70a46,close,"[unit=percent] [CODE][OBSERVED] Official OEA loader and metric source; all 5,225 captions query 1,045 audio candidates. PAPER does not disclose caption selection or the public path's omitted passage prefix."
Table 2,official_source_oea_qwen7b_ac_clotho_t2a_public_code_default_joint_all_captions,OEA-Qwen7B,Clotho,T2A,R@5,44.78,44.688995215311,0.091005,-0.203226,0,JudeJiwoo/OEA-Qwen7B-AC@f44f247020a7192affe6927db91d0778d33b9791/step_300.pt#sha256:cd751e3a71f0b47b9ecbbc0f5a11e4673097f0ebdbd80f610387f5778dd70a46,close,"[unit=percent] [CODE][OBSERVED] Official OEA loader and metric source; all 5,225 captions query 1,045 audio candidates. PAPER does not disclose caption selection or the public path's omitted passage prefix."
Table 2,official_source_oea_qwen7b_ac_clotho_t2a_public_code_default_joint_all_captions,OEA-Qwen7B,Clotho,T2A,R@10,57.65,57.09090909090909,0.559091,-0.969802,0,JudeJiwoo/OEA-Qwen7B-AC@f44f247020a7192affe6927db91d0778d33b9791/step_300.pt#sha256:cd751e3a71f0b47b9ecbbc0f5a11e4673097f0ebdbd80f610387f5778dd70a46,close,"[unit=percent] [CODE][OBSERVED] Official OEA loader and metric source; all 5,225 captions query 1,045 audio candidates. PAPER does not disclose caption selection or the public path's omitted passage prefix."
Table 2,official_source_oea_qwen7b_ac_clotho_t2a_public_code_t2a_only_seed0,OEA-Qwen7B,Clotho,T2A,R@1,19.77,20.574162679425836,0.804163,4.067591,0,JudeJiwoo/OEA-Qwen7B-AC@f44f247020a7192affe6927db91d0778d33b9791/step_300.pt#sha256:cd751e3a71f0b47b9ecbbc0f5a11e4673097f0ebdbd80f610387f5778dd70a46,close,[unit=percent] [CODE][OBSERVED] Public T2A-only selection uses one seed-0 caption per clip. Both predeclared caption protocols remain reported; no post-hoc selection is made.
Table 2,official_source_oea_qwen7b_ac_clotho_t2a_public_code_t2a_only_seed0,OEA-Qwen7B,Clotho,T2A,R@5,44.78,44.97607655502392,0.196077,0.437866,0,JudeJiwoo/OEA-Qwen7B-AC@f44f247020a7192affe6927db91d0778d33b9791/step_300.pt#sha256:cd751e3a71f0b47b9ecbbc0f5a11e4673097f0ebdbd80f610387f5778dd70a46,close,[unit=percent] [CODE][OBSERVED] Public T2A-only selection uses one seed-0 caption per clip. Both predeclared caption protocols remain reported; no post-hoc selection is made.
Table 2,official_source_oea_qwen7b_ac_clotho_t2a_public_code_t2a_only_seed0,OEA-Qwen7B,Clotho,T2A,R@10,57.65,55.885167464114836,1.764833,-3.061288,0,JudeJiwoo/OEA-Qwen7B-AC@f44f247020a7192affe6927db91d0778d33b9791/step_300.pt#sha256:cd751e3a71f0b47b9ecbbc0f5a11e4673097f0ebdbd80f610387f5778dd70a46,close,[unit=percent] [CODE][OBSERVED] Public T2A-only selection uses one seed-0 caption per clip. Both predeclared caption protocols remain reported; no post-hoc selection is made.
Table 2,official_source_oea_qwen7b_cl_clotho_t2a_public_code_default_joint_all_captions,OEA-Qwen7B (+Cl),Clotho,T2A,R@1,22.53,22.028708133971293,0.501292,-2.224997,0,JudeJiwoo/OEA-Qwen7B-Cl@30c6e97cfdf451b1948013d2839befe0c3022c46/step_330.pt#sha256:09ce41af7e7ac23106fa74d25e45b7229a046d687774cbd4ab2c00c05097d92e,close,"[unit=percent] [CODE][OBSERVED] Official OEA loader and metric source; all 5,225 captions query 1,045 audio candidates. PAPER does not disclose caption selection or the public path's omitted passage prefix."
Table 2,official_source_oea_qwen7b_cl_clotho_t2a_public_code_default_joint_all_captions,OEA-Qwen7B (+Cl),Clotho,T2A,R@5,48.80,48.535885167464116,0.264115,-0.541219,0,JudeJiwoo/OEA-Qwen7B-Cl@30c6e97cfdf451b1948013d2839befe0c3022c46/step_330.pt#sha256:09ce41af7e7ac23106fa74d25e45b7229a046d687774cbd4ab2c00c05097d92e,close,"[unit=percent] [CODE][OBSERVED] Official OEA loader and metric source; all 5,225 captions query 1,045 audio candidates. PAPER does not disclose caption selection or the public path's omitted passage prefix."
Table 2,official_source_oea_qwen7b_cl_clotho_t2a_public_code_default_joint_all_captions,OEA-Qwen7B (+Cl),Clotho,T2A,R@10,62.70,61.64593301435407,1.054067,-1.681128,0,JudeJiwoo/OEA-Qwen7B-Cl@30c6e97cfdf451b1948013d2839befe0c3022c46/step_330.pt#sha256:09ce41af7e7ac23106fa74d25e45b7229a046d687774cbd4ab2c00c05097d92e,close,"[unit=percent] [CODE][OBSERVED] Official OEA loader and metric source; all 5,225 captions query 1,045 audio candidates. PAPER does not disclose caption selection or the public path's omitted passage prefix."
Table 2,official_source_oea_qwen7b_cl_clotho_t2a_public_code_t2a_only_seed0,OEA-Qwen7B (+Cl),Clotho,T2A,R@1,22.53,22.00956937799043,0.520431,-2.309945,0,JudeJiwoo/OEA-Qwen7B-Cl@30c6e97cfdf451b1948013d2839befe0c3022c46/step_330.pt#sha256:09ce41af7e7ac23106fa74d25e45b7229a046d687774cbd4ab2c00c05097d92e,close,[unit=percent] [CODE][OBSERVED] Public T2A-only selection uses one seed-0 caption per clip. Both predeclared caption protocols remain reported; no post-hoc selection is made.
Table 2,official_source_oea_qwen7b_cl_clotho_t2a_public_code_t2a_only_seed0,OEA-Qwen7B (+Cl),Clotho,T2A,R@5,48.80,48.229665071770334,0.570335,-1.168719,0,JudeJiwoo/OEA-Qwen7B-Cl@30c6e97cfdf451b1948013d2839befe0c3022c46/step_330.pt#sha256:09ce41af7e7ac23106fa74d25e45b7229a046d687774cbd4ab2c00c05097d92e,close,[unit=percent] [CODE][OBSERVED] Public T2A-only selection uses one seed-0 caption per clip. Both predeclared caption protocols remain reported; no post-hoc selection is made.
Table 2,official_source_oea_qwen7b_cl_clotho_t2a_public_code_t2a_only_seed0,OEA-Qwen7B (+Cl),Clotho,T2A,R@10,62.70,60.47846889952153,2.221531,-3.543112,0,JudeJiwoo/OEA-Qwen7B-Cl@30c6e97cfdf451b1948013d2839befe0c3022c46/step_330.pt#sha256:09ce41af7e7ac23106fa74d25e45b7229a046d687774cbd4ab2c00c05097d92e,close,[unit=percent] [CODE][OBSERVED] Public T2A-only selection uses one seed-0 caption per clip. Both predeclared caption protocols remain reported; no post-hoc selection is made.
Table 2,official_source_vanilla_nemotron_3b_clotho_t2a_public_code_default_joint_all_captions,Nemotron-3B,Clotho,T2A,R@1,7.20,7.253588516746412,0.053589,0.744285,42,base-only:nvidia/omni-embed-nemotron-3b@865db1bb57e369a85357cf114cbd6b3c5322d19d#model-lock-sha256=eb62da7579d2f5b7ccd774e15d518d3ed50f4d502753b3fc4a7f51187b96cc1c,close,"[unit=percent] [CODE][OBSERVED] Public-code all-caption T2A protocol evaluates 5,225 captions with no OEA checkpoint, LoRA, or projection head. PAPER caption selection is not disclosed; both predeclared T2A protocols remain visible."
Table 2,official_source_vanilla_nemotron_3b_clotho_t2a_public_code_default_joint_all_captions,Nemotron-3B,Clotho,T2A,R@5,21.57,21.301435406698566,0.268565,-1.245084,42,base-only:nvidia/omni-embed-nemotron-3b@865db1bb57e369a85357cf114cbd6b3c5322d19d#model-lock-sha256=eb62da7579d2f5b7ccd774e15d518d3ed50f4d502753b3fc4a7f51187b96cc1c,close,"[unit=percent] [CODE][OBSERVED] Public-code all-caption T2A protocol evaluates 5,225 captions with no OEA checkpoint, LoRA, or projection head. PAPER caption selection is not disclosed; both predeclared T2A protocols remain visible."
Table 2,official_source_vanilla_nemotron_3b_clotho_t2a_public_code_default_joint_all_captions,Nemotron-3B,Clotho,T2A,R@10,30.12,30.181818181818183,0.061818,0.20524,42,base-only:nvidia/omni-embed-nemotron-3b@865db1bb57e369a85357cf114cbd6b3c5322d19d#model-lock-sha256=eb62da7579d2f5b7ccd774e15d518d3ed50f4d502753b3fc4a7f51187b96cc1c,close,"[unit=percent] [CODE][OBSERVED] Public-code all-caption T2A protocol evaluates 5,225 captions with no OEA checkpoint, LoRA, or projection head. PAPER caption selection is not disclosed; both predeclared T2A protocols remain visible."
Table 2,official_source_vanilla_nemotron_3b_clotho_t2a_public_code_t2a_only_seed0,Nemotron-3B,Clotho,T2A,R@1,7.20,7.464114832535886,0.264115,3.668262,42,base-only:nvidia/omni-embed-nemotron-3b@865db1bb57e369a85357cf114cbd6b3c5322d19d#model-lock-sha256=eb62da7579d2f5b7ccd774e15d518d3ed50f4d502753b3fc4a7f51187b96cc1c,close,"[unit=percent] [CODE][OBSERVED] Public-code seed-0 one-caption T2A protocol evaluates 1,045 captions with no OEA checkpoint, LoRA, or projection head. PAPER caption selection is not disclosed; both predeclared T2A protocols remain visible."
Table 2,official_source_vanilla_nemotron_3b_clotho_t2a_public_code_t2a_only_seed0,Nemotron-3B,Clotho,T2A,R@5,21.57,21.24401913875598,0.325981,-1.51127,42,base-only:nvidia/omni-embed-nemotron-3b@865db1bb57e369a85357cf114cbd6b3c5322d19d#model-lock-sha256=eb62da7579d2f5b7ccd774e15d518d3ed50f4d502753b3fc4a7f51187b96cc1c,close,"[unit=percent] [CODE][OBSERVED] Public-code seed-0 one-caption T2A protocol evaluates 1,045 captions with no OEA checkpoint, LoRA, or projection head. PAPER caption selection is not disclosed; both predeclared T2A protocols remain visible."
Table 2,official_source_vanilla_nemotron_3b_clotho_t2a_public_code_t2a_only_seed0,Nemotron-3B,Clotho,T2A,R@10,30.12,31.483253588516746,1.363254,4.526074,42,base-only:nvidia/omni-embed-nemotron-3b@865db1bb57e369a85357cf114cbd6b3c5322d19d#model-lock-sha256=eb62da7579d2f5b7ccd774e15d518d3ed50f4d502753b3fc4a7f51187b96cc1c,close,"[unit=percent] [CODE][OBSERVED] Public-code seed-0 one-caption T2A protocol evaluates 1,045 captions with no OEA checkpoint, LoRA, or projection head. PAPER caption selection is not disclosed; both predeclared T2A protocols remain visible."
Table 2,official_source_vanilla_qwen2_5_omni_3b_clotho_t2a_public_code_default_joint_all_captions,Qwen2.5-Omni-3B,Clotho,T2A,R@1,0.17,0.17224880382775118,0.002249,1.322826,42,base-only:Qwen/Qwen2.5-Omni-3B@f75b40e3da2003cdd6e1829b1f420ca70797c34e#model-lock-sha256=9c73f0489ffcbc41b4126d2c2329569dd0f4c58ac8c13207aa41257f266a84e2,close,"[unit=percent] [CODE][OBSERVED] Public-code all-caption T2A protocol evaluates 5,225 captions with no OEA checkpoint, LoRA, or projection head. PAPER caption selection is not disclosed; both predeclared T2A protocols remain visible."
Table 2,official_source_vanilla_qwen2_5_omni_3b_clotho_t2a_public_code_default_joint_all_captions,Qwen2.5-Omni-3B,Clotho,T2A,R@5,0.63,0.631578947368421,0.001579,0.250627,42,base-only:Qwen/Qwen2.5-Omni-3B@f75b40e3da2003cdd6e1829b1f420ca70797c34e#model-lock-sha256=9c73f0489ffcbc41b4126d2c2329569dd0f4c58ac8c13207aa41257f266a84e2,close,"[unit=percent] [CODE][OBSERVED] Public-code all-caption T2A protocol evaluates 5,225 captions with no OEA checkpoint, LoRA, or projection head. PAPER caption selection is not disclosed; both predeclared T2A protocols remain visible."
Table 2,official_source_vanilla_qwen2_5_omni_3b_clotho_t2a_public_code_default_joint_all_captions,Qwen2.5-Omni-3B,Clotho,T2A,R@10,1.13,1.1483253588516746,0.018325,1.621713,42,base-only:Qwen/Qwen2.5-Omni-3B@f75b40e3da2003cdd6e1829b1f420ca70797c34e#model-lock-sha256=9c73f0489ffcbc41b4126d2c2329569dd0f4c58ac8c13207aa41257f266a84e2,close,"[unit=percent] [CODE][OBSERVED] Public-code all-caption T2A protocol evaluates 5,225 captions with no OEA checkpoint, LoRA, or projection head. PAPER caption selection is not disclosed; both predeclared T2A protocols remain visible."
Table 2,official_source_vanilla_qwen2_5_omni_3b_clotho_t2a_public_code_t2a_only_seed0,Qwen2.5-Omni-3B,Clotho,T2A,R@1,0.17,0.09569377990430622,0.074306,-43.709541,42,base-only:Qwen/Qwen2.5-Omni-3B@f75b40e3da2003cdd6e1829b1f420ca70797c34e#model-lock-sha256=9c73f0489ffcbc41b4126d2c2329569dd0f4c58ac8c13207aa41257f266a84e2,close,"[unit=percent] [CODE][OBSERVED] Public-code seed-0 one-caption T2A protocol evaluates 1,045 captions with no OEA checkpoint, LoRA, or projection head. PAPER caption selection is not disclosed; both predeclared T2A protocols remain visible."
Table 2,official_source_vanilla_qwen2_5_omni_3b_clotho_t2a_public_code_t2a_only_seed0,Qwen2.5-Omni-3B,Clotho,T2A,R@5,0.63,0.5741626794258373,0.055837,-8.863067,42,base-only:Qwen/Qwen2.5-Omni-3B@f75b40e3da2003cdd6e1829b1f420ca70797c34e#model-lock-sha256=9c73f0489ffcbc41b4126d2c2329569dd0f4c58ac8c13207aa41257f266a84e2,close,"[unit=percent] [CODE][OBSERVED] Public-code seed-0 one-caption T2A protocol evaluates 1,045 captions with no OEA checkpoint, LoRA, or projection head. PAPER caption selection is not disclosed; both predeclared T2A protocols remain visible."
Table 2,official_source_vanilla_qwen2_5_omni_3b_clotho_t2a_public_code_t2a_only_seed0,Qwen2.5-Omni-3B,Clotho,T2A,R@10,1.13,1.1483253588516746,0.018325,1.621713,42,base-only:Qwen/Qwen2.5-Omni-3B@f75b40e3da2003cdd6e1829b1f420ca70797c34e#model-lock-sha256=9c73f0489ffcbc41b4126d2c2329569dd0f4c58ac8c13207aa41257f266a84e2,close,"[unit=percent] [CODE][OBSERVED] Public-code seed-0 one-caption T2A protocol evaluates 1,045 captions with no OEA checkpoint, LoRA, or projection head. PAPER caption selection is not disclosed; both predeclared T2A protocols remain visible."
Table 2,official_source_vanilla_qwen2_5_omni_7b_clotho_t2a_public_code_default_joint_all_captions,Qwen2.5-Omni-7B,Clotho,T2A,R@1,0.10,0.095694,0.004306,-4.306,42,base-only:Qwen/Qwen2.5-Omni-7B@ae9e1690543ffd5c0221dc27f79834d0294cba00#model-lock-sha256=92173cfc0615841f8300b4e03a8954af339635de0b791b94c2d049eb2d8638ef,close,"[unit=percent] [CODE][OBSERVED] Public-code all-caption T2A protocol evaluates 5,225 captions with no OEA checkpoint, LoRA, or projection head. PAPER caption selection is not disclosed; both predeclared T2A protocols remain visible."
Table 2,official_source_vanilla_qwen2_5_omni_7b_clotho_t2a_public_code_default_joint_all_captions,Qwen2.5-Omni-7B,Clotho,T2A,R@5,0.65,0.650718,0.000718,0.110462,42,base-only:Qwen/Qwen2.5-Omni-7B@ae9e1690543ffd5c0221dc27f79834d0294cba00#model-lock-sha256=92173cfc0615841f8300b4e03a8954af339635de0b791b94c2d049eb2d8638ef,close,"[unit=percent] [CODE][OBSERVED] Public-code all-caption T2A protocol evaluates 5,225 captions with no OEA checkpoint, LoRA, or projection head. PAPER caption selection is not disclosed; both predeclared T2A protocols remain visible."
Table 2,official_source_vanilla_qwen2_5_omni_7b_clotho_t2a_public_code_default_joint_all_captions,Qwen2.5-Omni-7B,Clotho,T2A,R@10,1.32,1.244019,0.075981,-5.756136,42,base-only:Qwen/Qwen2.5-Omni-7B@ae9e1690543ffd5c0221dc27f79834d0294cba00#model-lock-sha256=92173cfc0615841f8300b4e03a8954af339635de0b791b94c2d049eb2d8638ef,close,"[unit=percent] [CODE][OBSERVED] Public-code all-caption T2A protocol evaluates 5,225 captions with no OEA checkpoint, LoRA, or projection head. PAPER caption selection is not disclosed; both predeclared T2A protocols remain visible."
Table 2,official_source_vanilla_qwen2_5_omni_7b_clotho_t2a_public_code_t2a_only_seed0,Qwen2.5-Omni-7B,Clotho,T2A,R@1,0.10,0,0.1,-100,42,base-only:Qwen/Qwen2.5-Omni-7B@ae9e1690543ffd5c0221dc27f79834d0294cba00#model-lock-sha256=92173cfc0615841f8300b4e03a8954af339635de0b791b94c2d049eb2d8638ef,close,"[unit=percent] [CODE][OBSERVED] Public-code seed-0 one-caption T2A protocol evaluates 1,045 captions with no OEA checkpoint, LoRA, or projection head. PAPER caption selection is not disclosed; both predeclared T2A protocols remain visible."
Table 2,official_source_vanilla_qwen2_5_omni_7b_clotho_t2a_public_code_t2a_only_seed0,Qwen2.5-Omni-7B,Clotho,T2A,R@5,0.65,0.669856,0.019856,3.054769,42,base-only:Qwen/Qwen2.5-Omni-7B@ae9e1690543ffd5c0221dc27f79834d0294cba00#model-lock-sha256=92173cfc0615841f8300b4e03a8954af339635de0b791b94c2d049eb2d8638ef,close,"[unit=percent] [CODE][OBSERVED] Public-code seed-0 one-caption T2A protocol evaluates 1,045 captions with no OEA checkpoint, LoRA, or projection head. PAPER caption selection is not disclosed; both predeclared T2A protocols remain visible."
Table 2,official_source_vanilla_qwen2_5_omni_7b_clotho_t2a_public_code_t2a_only_seed0,Qwen2.5-Omni-7B,Clotho,T2A,R@10,1.32,1.339713,0.019713,1.493409,42,base-only:Qwen/Qwen2.5-Omni-7B@ae9e1690543ffd5c0221dc27f79834d0294cba00#model-lock-sha256=92173cfc0615841f8300b4e03a8954af339635de0b791b94c2d049eb2d8638ef,close,"[unit=percent] [CODE][OBSERVED] Public-code seed-0 one-caption T2A protocol evaluates 1,045 captions with no OEA checkpoint, LoRA, or projection head. PAPER caption selection is not disclosed; both predeclared T2A protocols remain visible."
Table 3,oea_nemo3b_cl_clotho_t2t_all_captions_sensitivity,OEA-Nemo3B (+Cl),Clotho,T2T,R@1,63.77,63.693779904306226,0.07622,-0.119523,42,JudeJiwoo/OEA-Nemo3B-Cl@9588912298afca0b11f5895b864ae28083f35022/step_450_best_inference_only.pt#sha256:2a5bee9039a28c0028cf205d1e2f4302fda540dd913f4cc1b08301edfc6680c4,close,[unit=percent] [INFERRED] All-caption T2T sensitivity protocol was declared before the run because PAPER omits caption selection. Absolute delta is 0.076220 percentage points. It is not selected as the strict protocol based on the observed result.
Table 3,oea_nemo3b_cl_clotho_t2t_all_captions_sensitivity,OEA-Nemo3B (+Cl),Clotho,T2T,R@5,75.29,75.23444976076556,0.05555,-0.073782,42,JudeJiwoo/OEA-Nemo3B-Cl@9588912298afca0b11f5895b864ae28083f35022/step_450_best_inference_only.pt#sha256:2a5bee9039a28c0028cf205d1e2f4302fda540dd913f4cc1b08301edfc6680c4,close,[unit=percent] [INFERRED] All-caption T2T sensitivity protocol was declared before the run because PAPER omits caption selection. Absolute delta is 0.055550 percentage points. It is not selected as the strict protocol based on the observed result.
Table 3,oea_nemo3b_cl_clotho_t2t_all_captions_sensitivity,OEA-Nemo3B (+Cl),Clotho,T2T,R@10,80.11,80.01913875598086,0.090861,-0.113421,42,JudeJiwoo/OEA-Nemo3B-Cl@9588912298afca0b11f5895b864ae28083f35022/step_450_best_inference_only.pt#sha256:2a5bee9039a28c0028cf205d1e2f4302fda540dd913f4cc1b08301edfc6680c4,close,[unit=percent] [INFERRED] All-caption T2T sensitivity protocol was declared before the run because PAPER omits caption selection. Absolute delta is 0.090861 percentage points. It is not selected as the strict protocol based on the observed result.
Table 3,oea_nemo3b_cl_clotho_t2t_public_code_default_seed0,OEA-Nemo3B (+Cl),Clotho,T2T,R@1,63.77,62.96650717703349,0.803493,-1.259986,42,JudeJiwoo/OEA-Nemo3B-Cl@9588912298afca0b11f5895b864ae28083f35022/step_450_best_inference_only.pt#sha256:2a5bee9039a28c0028cf205d1e2f4302fda540dd913f4cc1b08301edfc6680c4,close,"[unit=percent] [CODE] Default T2T eval_core path selects one caption per clip with query-selection seed 0; embedding seed is 42. Absolute delta is 0.803493 percentage points. Paper caption selection, self-exclusion, and tie handling remain missing."
Table 3,oea_nemo3b_cl_clotho_t2t_public_code_default_seed0,OEA-Nemo3B (+Cl),Clotho,T2T,R@5,75.29,75.98086124401914,0.690861,0.9176,42,JudeJiwoo/OEA-Nemo3B-Cl@9588912298afca0b11f5895b864ae28083f35022/step_450_best_inference_only.pt#sha256:2a5bee9039a28c0028cf205d1e2f4302fda540dd913f4cc1b08301edfc6680c4,close,"[unit=percent] [CODE] Default T2T eval_core path selects one caption per clip with query-selection seed 0; embedding seed is 42. Absolute delta is 0.690861 percentage points. Paper caption selection, self-exclusion, and tie handling remain missing."
Table 3,oea_nemo3b_cl_clotho_t2t_public_code_default_seed0,OEA-Nemo3B (+Cl),Clotho,T2T,R@10,80.11,80.86124401913875,0.751244,0.937766,42,JudeJiwoo/OEA-Nemo3B-Cl@9588912298afca0b11f5895b864ae28083f35022/step_450_best_inference_only.pt#sha256:2a5bee9039a28c0028cf205d1e2f4302fda540dd913f4cc1b08301edfc6680c4,close,"[unit=percent] [CODE] Default T2T eval_core path selects one caption per clip with query-selection seed 0; embedding seed is 42. Absolute delta is 0.751244 percentage points. Paper caption selection, self-exclusion, and tie handling remain missing."
Table 3,oea_qwen3b_cl_clotho_t2t_all_captions_sensitivity,OEA-Qwen3B (+Cl),Clotho,T2T,R@1,64.52,64.36363636363637,0.156364,-0.242349,42,JudeJiwoo/OEA-Qwen3B-Cl@54ccd008d4a1340d2a1f8edcd5dd0e82c61367a4/step_40_inference_only.pt#sha256:f084bf3c3ad645809e4c7e22cf148caef788cb96c019729576b881291268432a,close,[unit=percent] [INFERRED] All-caption T2T sensitivity protocol was declared before the run because PAPER omits caption selection. Absolute delta is 0.156364 percentage points. It is not selected as the strict protocol based on the observed result.
Table 3,oea_qwen3b_cl_clotho_t2t_all_captions_sensitivity,OEA-Qwen3B (+Cl),Clotho,T2T,R@5,75.25,75.13875598086125,0.111244,-0.147833,42,JudeJiwoo/OEA-Qwen3B-Cl@54ccd008d4a1340d2a1f8edcd5dd0e82c61367a4/step_40_inference_only.pt#sha256:f084bf3c3ad645809e4c7e22cf148caef788cb96c019729576b881291268432a,close,[unit=percent] [INFERRED] All-caption T2T sensitivity protocol was declared before the run because PAPER omits caption selection. Absolute delta is 0.111244 percentage points. It is not selected as the strict protocol based on the observed result.
Table 3,oea_qwen3b_cl_clotho_t2t_all_captions_sensitivity,OEA-Qwen3B (+Cl),Clotho,T2T,R@10,79.71,79.73205741626795,0.022057,0.027672,42,JudeJiwoo/OEA-Qwen3B-Cl@54ccd008d4a1340d2a1f8edcd5dd0e82c61367a4/step_40_inference_only.pt#sha256:f084bf3c3ad645809e4c7e22cf148caef788cb96c019729576b881291268432a,close,[unit=percent] [INFERRED] All-caption T2T sensitivity protocol was declared before the run because PAPER omits caption selection. Absolute delta is 0.022057 percentage points. It is not selected as the strict protocol based on the observed result.
Table 3,oea_qwen3b_cl_clotho_t2t_public_code_default_seed0,OEA-Qwen3B (+Cl),Clotho,T2T,R@1,64.52,64.40191387559808,0.118086,-0.183023,42,JudeJiwoo/OEA-Qwen3B-Cl@54ccd008d4a1340d2a1f8edcd5dd0e82c61367a4/step_40_inference_only.pt#sha256:f084bf3c3ad645809e4c7e22cf148caef788cb96c019729576b881291268432a,close,[unit=percent] [CODE] Default T2T eval_core path selects one caption per clip with query-selection seed 0; embedding seed is 42. Absolute delta is 0.118086 percentage points. Paper self-exclusion and tie handling remain missing.
Table 3,oea_qwen3b_cl_clotho_t2t_public_code_default_seed0,OEA-Qwen3B (+Cl),Clotho,T2T,R@5,75.25,76.17224880382774,0.922249,1.22558,42,JudeJiwoo/OEA-Qwen3B-Cl@54ccd008d4a1340d2a1f8edcd5dd0e82c61367a4/step_40_inference_only.pt#sha256:f084bf3c3ad645809e4c7e22cf148caef788cb96c019729576b881291268432a,close,[unit=percent] [CODE] Default T2T eval_core path selects one caption per clip with query-selection seed 0; embedding seed is 42. Absolute delta is 0.922249 percentage points. Paper self-exclusion and tie handling remain missing.
Table 3,oea_qwen3b_cl_clotho_t2t_public_code_default_seed0,OEA-Qwen3B (+Cl),Clotho,T2T,R@10,79.71,80.76555023923446,1.05555,1.324238,42,JudeJiwoo/OEA-Qwen3B-Cl@54ccd008d4a1340d2a1f8edcd5dd0e82c61367a4/step_40_inference_only.pt#sha256:f084bf3c3ad645809e4c7e22cf148caef788cb96c019729576b881291268432a,close,[unit=percent] [CODE] Default T2T eval_core path selects one caption per clip with query-selection seed 0; embedding seed is 42. Absolute delta is 1.055550 percentage points. Paper self-exclusion and tie handling remain missing.
Table 3,oea_qwen3b_cl_clotho_t2t_strict_paper_protocol,OEA-Qwen3B (+Cl),Clotho,T2T,R@1,64.52,,,,,JudeJiwoo/OEA-Qwen3B-Cl@54ccd008d4a1340d2a1f8edcd5dd0e82c61367a4/step_40_inference_only.pt#sha256:f084bf3c3ad645809e4c7e22cf148caef788cb96c019729576b881291268432a,blocked,"[unit=percent] [MISSING] The paper and public evaluation command do not identify the Clotho query-caption selection, self-exclusion, or tie policy for T2T. No post-result protocol selection is permitted."
Table 3,oea_qwen3b_cl_clotho_t2t_strict_paper_protocol,OEA-Qwen3B (+Cl),Clotho,T2T,R@5,75.25,,,,,JudeJiwoo/OEA-Qwen3B-Cl@54ccd008d4a1340d2a1f8edcd5dd0e82c61367a4/step_40_inference_only.pt#sha256:f084bf3c3ad645809e4c7e22cf148caef788cb96c019729576b881291268432a,blocked,"[unit=percent] [MISSING] The paper and public evaluation command do not identify the Clotho query-caption selection, self-exclusion, or tie policy for T2T. No post-result protocol selection is permitted."
Table 3,oea_qwen3b_cl_clotho_t2t_strict_paper_protocol,OEA-Qwen3B (+Cl),Clotho,T2T,R@10,79.71,,,,,JudeJiwoo/OEA-Qwen3B-Cl@54ccd008d4a1340d2a1f8edcd5dd0e82c61367a4/step_40_inference_only.pt#sha256:f084bf3c3ad645809e4c7e22cf148caef788cb96c019729576b881291268432a,blocked,"[unit=percent] [MISSING] The paper and public evaluation command do not identify the Clotho query-caption selection, self-exclusion, or tie policy for T2T. No post-result protocol selection is permitted."
Table 3,oea_qwen3b_clotho_t2t_all_captions_sensitivity,OEA-Qwen3B,Clotho,T2T,R@1,62.81,62.79425837320575,0.015742,-0.025062,42,JudeJiwoo/OEA-Qwen3B-AC@f6c4b3b86385fd7ecbe3bacf45548a2259af8db4/step_350_inference_only.pt#sha256:b1d0f559711b70f5a80dbdeb8cd46d80ed7b38b8e5524b9a871878d8bcd5f101,close,[unit=percent] [INFERRED] All-caption T2T sensitivity protocol was declared before the run because PAPER omits caption selection. Absolute delta is 0.015742 percentage points. It is not selected as the strict protocol based on the observed result.
Table 3,oea_qwen3b_clotho_t2t_all_captions_sensitivity,OEA-Qwen3B,Clotho,T2T,R@5,73.76,73.8755980861244,0.115598,0.156722,42,JudeJiwoo/OEA-Qwen3B-AC@f6c4b3b86385fd7ecbe3bacf45548a2259af8db4/step_350_inference_only.pt#sha256:b1d0f559711b70f5a80dbdeb8cd46d80ed7b38b8e5524b9a871878d8bcd5f101,close,[unit=percent] [INFERRED] All-caption T2T sensitivity protocol was declared before the run because PAPER omits caption selection. Absolute delta is 0.115598 percentage points. It is not selected as the strict protocol based on the observed result.
Table 3,oea_qwen3b_clotho_t2t_all_captions_sensitivity,OEA-Qwen3B,Clotho,T2T,R@10,78.22,78.3157894736842,0.095789,0.122462,42,JudeJiwoo/OEA-Qwen3B-AC@f6c4b3b86385fd7ecbe3bacf45548a2259af8db4/step_350_inference_only.pt#sha256:b1d0f559711b70f5a80dbdeb8cd46d80ed7b38b8e5524b9a871878d8bcd5f101,close,[unit=percent] [INFERRED] All-caption T2T sensitivity protocol was declared before the run because PAPER omits caption selection. Absolute delta is 0.095789 percentage points. It is not selected as the strict protocol based on the observed result.
Table 3,oea_qwen3b_clotho_t2t_public_code_default_seed0,OEA-Qwen3B,Clotho,T2T,R@1,62.81,61.33971291866028,1.470287,-2.340849,42,JudeJiwoo/OEA-Qwen3B-AC@f6c4b3b86385fd7ecbe3bacf45548a2259af8db4/step_350_inference_only.pt#sha256:b1d0f559711b70f5a80dbdeb8cd46d80ed7b38b8e5524b9a871878d8bcd5f101,close,[unit=percent] [CODE] Default T2T eval_core path selects one caption per clip with query-selection seed 0; embedding seed is 42. Absolute delta is 1.470287 percentage points. Paper self-exclusion and tie handling remain missing.
Table 3,oea_qwen3b_clotho_t2t_public_code_default_seed0,OEA-Qwen3B,Clotho,T2T,R@5,73.76,74.16267942583733,0.402679,0.545932,42,JudeJiwoo/OEA-Qwen3B-AC@f6c4b3b86385fd7ecbe3bacf45548a2259af8db4/step_350_inference_only.pt#sha256:b1d0f559711b70f5a80dbdeb8cd46d80ed7b38b8e5524b9a871878d8bcd5f101,close,[unit=percent] [CODE] Default T2T eval_core path selects one caption per clip with query-selection seed 0; embedding seed is 42. Absolute delta is 0.402679 percentage points. Paper self-exclusion and tie handling remain missing.
Table 3,oea_qwen3b_clotho_t2t_public_code_default_seed0,OEA-Qwen3B,Clotho,T2T,R@10,78.22,79.33014354066987,1.110144,1.419258,42,JudeJiwoo/OEA-Qwen3B-AC@f6c4b3b86385fd7ecbe3bacf45548a2259af8db4/step_350_inference_only.pt#sha256:b1d0f559711b70f5a80dbdeb8cd46d80ed7b38b8e5524b9a871878d8bcd5f101,close,[unit=percent] [CODE] Default T2T eval_core path selects one caption per clip with query-selection seed 0; embedding seed is 42. Absolute delta is 1.110144 percentage points. Paper self-exclusion and tie handling remain missing.
Table 3,oea_qwen3b_clotho_t2t_strict_paper_protocol,OEA-Qwen3B,Clotho,T2T,R@1,62.81,,,,,JudeJiwoo/OEA-Qwen3B-AC@f6c4b3b86385fd7ecbe3bacf45548a2259af8db4/step_350_inference_only.pt#sha256:b1d0f559711b70f5a80dbdeb8cd46d80ed7b38b8e5524b9a871878d8bcd5f101,blocked,"[unit=percent] [MISSING] The paper and public evaluation command do not identify the Clotho query-caption selection, self-exclusion, or tie policy for T2T. No post-result protocol selection is permitted."
Table 3,oea_qwen3b_clotho_t2t_strict_paper_protocol,OEA-Qwen3B,Clotho,T2T,R@5,73.76,,,,,JudeJiwoo/OEA-Qwen3B-AC@f6c4b3b86385fd7ecbe3bacf45548a2259af8db4/step_350_inference_only.pt#sha256:b1d0f559711b70f5a80dbdeb8cd46d80ed7b38b8e5524b9a871878d8bcd5f101,blocked,"[unit=percent] [MISSING] The paper and public evaluation command do not identify the Clotho query-caption selection, self-exclusion, or tie policy for T2T. No post-result protocol selection is permitted."
Table 3,oea_qwen3b_clotho_t2t_strict_paper_protocol,OEA-Qwen3B,Clotho,T2T,R@10,78.22,,,,,JudeJiwoo/OEA-Qwen3B-AC@f6c4b3b86385fd7ecbe3bacf45548a2259af8db4/step_350_inference_only.pt#sha256:b1d0f559711b70f5a80dbdeb8cd46d80ed7b38b8e5524b9a871878d8bcd5f101,blocked,"[unit=percent] [MISSING] The paper and public evaluation command do not identify the Clotho query-caption selection, self-exclusion, or tie policy for T2T. No post-result protocol selection is permitted."
Table 3,official_source_laion_clap_clotho_t2t_all_captions_sensitivity,LAION-CLAP,Clotho,T2T,R@1,50.05,50.047847,0.002153,-0.004302,0,laion-clap==1.1.6:630k-audioset-best.pt#sha256=8053c9775516af2f4902e1e8281e356cc1bf7a85e8b761908170767b77c3f037,close,"[unit=percent] [INFERRED][OBSERVED] All-caption T2T sensitivity evaluates 5,225 queries. It remains separate and is not promoted based on numerical proximity."
Table 3,official_source_laion_clap_clotho_t2t_all_captions_sensitivity,LAION-CLAP,Clotho,T2T,R@5,65.88,65.875598,0.004402,-0.006682,0,laion-clap==1.1.6:630k-audioset-best.pt#sha256=8053c9775516af2f4902e1e8281e356cc1bf7a85e8b761908170767b77c3f037,close,"[unit=percent] [INFERRED][OBSERVED] All-caption T2T sensitivity evaluates 5,225 queries. It remains separate and is not promoted based on numerical proximity."
Table 3,official_source_laion_clap_clotho_t2t_all_captions_sensitivity,LAION-CLAP,Clotho,T2T,R@10,72.67,72.669856,0.000144,-0.000198,0,laion-clap==1.1.6:630k-audioset-best.pt#sha256=8053c9775516af2f4902e1e8281e356cc1bf7a85e8b761908170767b77c3f037,close,"[unit=percent] [INFERRED][OBSERVED] All-caption T2T sensitivity evaluates 5,225 queries. It remains separate and is not promoted based on numerical proximity."
Table 3,official_source_laion_clap_clotho_t2t_public_code_default_seed0,LAION-CLAP,Clotho,T2T,R@1,50.05,49.37799,0.67201,-1.342677,0,laion-clap==1.1.6:630k-audioset-best.pt#sha256=8053c9775516af2f4902e1e8281e356cc1bf7a85e8b761908170767b77c3f037,close,"[unit=percent] [CODE][OBSERVED] Public-code seed-0 one-caption/self-exclusion T2T. PAPER does not disclose caption selection, self-exclusion, or tie handling; both predeclared protocols remain visible."
Table 3,official_source_laion_clap_clotho_t2t_public_code_default_seed0,LAION-CLAP,Clotho,T2T,R@5,65.88,64.880383,0.999617,-1.51733,0,laion-clap==1.1.6:630k-audioset-best.pt#sha256=8053c9775516af2f4902e1e8281e356cc1bf7a85e8b761908170767b77c3f037,close,"[unit=percent] [CODE][OBSERVED] Public-code seed-0 one-caption/self-exclusion T2T. PAPER does not disclose caption selection, self-exclusion, or tie handling; both predeclared protocols remain visible."
Table 3,official_source_laion_clap_clotho_t2t_public_code_default_seed0,LAION-CLAP,Clotho,T2T,R@10,72.67,72.248804,0.421196,-0.579601,0,laion-clap==1.1.6:630k-audioset-best.pt#sha256=8053c9775516af2f4902e1e8281e356cc1bf7a85e8b761908170767b77c3f037,close,"[unit=percent] [CODE][OBSERVED] Public-code seed-0 one-caption/self-exclusion T2T. PAPER does not disclose caption selection, self-exclusion, or tie handling; both predeclared protocols remain visible."
Table 3,official_source_m2d_clap_clotho_t2t_all_captions_sensitivity,M2D-CLAP,Clotho,T2T,R@1,55.85,53.167464,2.682536,-4.803108,0,M2D-CLAP@3d0c4de9447c404a8d3f9f37e04f53bc902e09b3:checkpoint-30.pth#sha256=238521603c04862ab151cdd80980b591cb36ebe844d43203992fac9ef085c8a1,close,"[unit=percent] [INFERRED][OBSERVED] All-caption T2T sensitivity evaluates 5,225 queries. It remains separate and is not promoted based on numerical proximity."
Table 3,official_source_m2d_clap_clotho_t2t_all_captions_sensitivity,M2D-CLAP,Clotho,T2T,R@5,69.05,67.980861,1.069139,-1.548355,0,M2D-CLAP@3d0c4de9447c404a8d3f9f37e04f53bc902e09b3:checkpoint-30.pth#sha256=238521603c04862ab151cdd80980b591cb36ebe844d43203992fac9ef085c8a1,close,"[unit=percent] [INFERRED][OBSERVED] All-caption T2T sensitivity evaluates 5,225 queries. It remains separate and is not promoted based on numerical proximity."
Table 3,official_source_m2d_clap_clotho_t2t_all_captions_sensitivity,M2D-CLAP,Clotho,T2T,R@10,74.76,73.799043,0.960957,-1.285389,0,M2D-CLAP@3d0c4de9447c404a8d3f9f37e04f53bc902e09b3:checkpoint-30.pth#sha256=238521603c04862ab151cdd80980b591cb36ebe844d43203992fac9ef085c8a1,close,"[unit=percent] [INFERRED][OBSERVED] All-caption T2T sensitivity evaluates 5,225 queries. It remains separate and is not promoted based on numerical proximity."
Table 3,official_source_m2d_clap_clotho_t2t_public_code_default_seed0,M2D-CLAP,Clotho,T2T,R@1,55.85,52.91866,2.93134,-5.248594,0,M2D-CLAP@3d0c4de9447c404a8d3f9f37e04f53bc902e09b3:checkpoint-30.pth#sha256=238521603c04862ab151cdd80980b591cb36ebe844d43203992fac9ef085c8a1,close,"[unit=percent] [CODE][OBSERVED] Public-code seed-0 one-caption/self-exclusion T2T protocol. PAPER does not disclose caption selection, self-exclusion, or tie handling; both predeclared protocols remain visible."
Table 3,official_source_m2d_clap_clotho_t2t_public_code_default_seed0,M2D-CLAP,Clotho,T2T,R@5,69.05,67.272727,1.777273,-2.573893,0,M2D-CLAP@3d0c4de9447c404a8d3f9f37e04f53bc902e09b3:checkpoint-30.pth#sha256=238521603c04862ab151cdd80980b591cb36ebe844d43203992fac9ef085c8a1,close,"[unit=percent] [CODE][OBSERVED] Public-code seed-0 one-caption/self-exclusion T2T protocol. PAPER does not disclose caption selection, self-exclusion, or tie handling; both predeclared protocols remain visible."
Table 3,official_source_m2d_clap_clotho_t2t_public_code_default_seed0,M2D-CLAP,Clotho,T2T,R@10,74.76,73.014354,1.745646,-2.335,0,M2D-CLAP@3d0c4de9447c404a8d3f9f37e04f53bc902e09b3:checkpoint-30.pth#sha256=238521603c04862ab151cdd80980b591cb36ebe844d43203992fac9ef085c8a1,close,"[unit=percent] [CODE][OBSERVED] Public-code seed-0 one-caption/self-exclusion T2T protocol. PAPER does not disclose caption selection, self-exclusion, or tie handling; both predeclared protocols remain visible."
Table 3,official_source_mga_clap_clotho_t2t_all_captions_sensitivity,MGA-CLAP,Clotho,T2T,R@1,63.27,63.272727,0.002727,0.00431,0,MGA-CLAP@48ca5a5cd22cd34427e118bd8cf332090ec54770:model.pt#sha256=8703740b738e973a5b4d8a18a074ad56880e98f8ba21cd618d7d7ee5422d6e26,close,"[unit=percent] [INFERRED][OBSERVED] All-caption T2T sensitivity evaluates 5,225 queries. It remains separate and is not promoted based on numerical proximity."
Table 3,official_source_mga_clap_clotho_t2t_all_captions_sensitivity,MGA-CLAP,Clotho,T2T,R@5,74.70,74.698565,0.001435,-0.001921,0,MGA-CLAP@48ca5a5cd22cd34427e118bd8cf332090ec54770:model.pt#sha256=8703740b738e973a5b4d8a18a074ad56880e98f8ba21cd618d7d7ee5422d6e26,close,"[unit=percent] [INFERRED][OBSERVED] All-caption T2T sensitivity evaluates 5,225 queries. It remains separate and is not promoted based on numerical proximity."
Table 3,official_source_mga_clap_clotho_t2t_all_captions_sensitivity,MGA-CLAP,Clotho,T2T,R@10,78.79,78.794258,0.004258,0.005404,0,MGA-CLAP@48ca5a5cd22cd34427e118bd8cf332090ec54770:model.pt#sha256=8703740b738e973a5b4d8a18a074ad56880e98f8ba21cd618d7d7ee5422d6e26,close,"[unit=percent] [INFERRED][OBSERVED] All-caption T2T sensitivity evaluates 5,225 queries. It remains separate and is not promoted based on numerical proximity."
Table 3,official_source_mga_clap_clotho_t2t_public_code_default_seed0,MGA-CLAP,Clotho,T2T,R@1,63.27,62.009569,1.260431,-1.992146,0,MGA-CLAP@48ca5a5cd22cd34427e118bd8cf332090ec54770:model.pt#sha256=8703740b738e973a5b4d8a18a074ad56880e98f8ba21cd618d7d7ee5422d6e26,close,"[unit=percent] [CODE][OBSERVED] Public-code seed-0 one-caption/self-exclusion T2T protocol. PAPER does not disclose caption selection, self-exclusion, or tie handling; both predeclared protocols remain visible."
Table 3,official_source_mga_clap_clotho_t2t_public_code_default_seed0,MGA-CLAP,Clotho,T2T,R@5,74.70,73.110048,1.589952,-2.12845,0,MGA-CLAP@48ca5a5cd22cd34427e118bd8cf332090ec54770:model.pt#sha256=8703740b738e973a5b4d8a18a074ad56880e98f8ba21cd618d7d7ee5422d6e26,close,"[unit=percent] [CODE][OBSERVED] Public-code seed-0 one-caption/self-exclusion T2T protocol. PAPER does not disclose caption selection, self-exclusion, or tie handling; both predeclared protocols remain visible."
Table 3,official_source_mga_clap_clotho_t2t_public_code_default_seed0,MGA-CLAP,Clotho,T2T,R@10,78.79,77.22488,1.56512,-1.986445,0,MGA-CLAP@48ca5a5cd22cd34427e118bd8cf332090ec54770:model.pt#sha256=8703740b738e973a5b4d8a18a074ad56880e98f8ba21cd618d7d7ee5422d6e26,close,"[unit=percent] [CODE][OBSERVED] Public-code seed-0 one-caption/self-exclusion T2T protocol. PAPER does not disclose caption selection, self-exclusion, or tie handling; both predeclared protocols remain visible."
Table 3,official_source_oea_nemo3b_ac_clotho_t2t_all_captions_sensitivity,OEA-Nemo3B,Clotho,T2T,R@1,62.79,64.63157894736841,1.841579,2.932918,42,JudeJiwoo/OEA-Nemo3B-AC@8ed66aa77bc6f2001b807b5d2bd3e60503d89535/step_400_best.pt#sha256:55579dfbd4f6621b5d842c5e731d6a1d37dbfd04b26b1c55bf8cdea980e67d25,close,"[unit=percent] [INFERRED][OBSERVED] All-caption T2T sensitivity protocol evaluates 5,225 queries. It is retained beside the CODE protocol and is not promoted to the undisclosed paper protocol based on numerical proximity."
Table 3,official_source_oea_nemo3b_ac_clotho_t2t_all_captions_sensitivity,OEA-Nemo3B,Clotho,T2T,R@5,74.12,74.98564593301435,0.865646,1.167898,42,JudeJiwoo/OEA-Nemo3B-AC@8ed66aa77bc6f2001b807b5d2bd3e60503d89535/step_400_best.pt#sha256:55579dfbd4f6621b5d842c5e731d6a1d37dbfd04b26b1c55bf8cdea980e67d25,close,"[unit=percent] [INFERRED][OBSERVED] All-caption T2T sensitivity protocol evaluates 5,225 queries. It is retained beside the CODE protocol and is not promoted to the undisclosed paper protocol based on numerical proximity."
Table 3,official_source_oea_nemo3b_ac_clotho_t2t_all_captions_sensitivity,OEA-Nemo3B,Clotho,T2T,R@10,78.91,79.2535885167464,0.343589,0.435418,42,JudeJiwoo/OEA-Nemo3B-AC@8ed66aa77bc6f2001b807b5d2bd3e60503d89535/step_400_best.pt#sha256:55579dfbd4f6621b5d842c5e731d6a1d37dbfd04b26b1c55bf8cdea980e67d25,close,"[unit=percent] [INFERRED][OBSERVED] All-caption T2T sensitivity protocol evaluates 5,225 queries. It is retained beside the CODE protocol and is not promoted to the undisclosed paper protocol based on numerical proximity."
Table 3,official_source_oea_nemo3b_ac_clotho_t2t_public_code_default_seed0,OEA-Nemo3B,Clotho,T2T,R@1,62.79,63.34928229665072,0.559282,0.890719,42,JudeJiwoo/OEA-Nemo3B-AC@8ed66aa77bc6f2001b807b5d2bd3e60503d89535/step_400_best.pt#sha256:55579dfbd4f6621b5d842c5e731d6a1d37dbfd04b26b1c55bf8cdea980e67d25,close,"[unit=percent] [CODE][OBSERVED] Public-code seed-0 one-caption/self-exclusion T2T protocol. PAPER does not disclose caption selection, self-exclusion, or tie handling; both predeclared protocols remain visible."
Table 3,official_source_oea_nemo3b_ac_clotho_t2t_public_code_default_seed0,OEA-Nemo3B,Clotho,T2T,R@5,74.12,74.83253588516746,0.712536,0.961327,42,JudeJiwoo/OEA-Nemo3B-AC@8ed66aa77bc6f2001b807b5d2bd3e60503d89535/step_400_best.pt#sha256:55579dfbd4f6621b5d842c5e731d6a1d37dbfd04b26b1c55bf8cdea980e67d25,close,"[unit=percent] [CODE][OBSERVED] Public-code seed-0 one-caption/self-exclusion T2T protocol. PAPER does not disclose caption selection, self-exclusion, or tie handling; both predeclared protocols remain visible."
Table 3,official_source_oea_nemo3b_ac_clotho_t2t_public_code_default_seed0,OEA-Nemo3B,Clotho,T2T,R@10,78.91,80.09569377990431,1.185694,1.50259,42,JudeJiwoo/OEA-Nemo3B-AC@8ed66aa77bc6f2001b807b5d2bd3e60503d89535/step_400_best.pt#sha256:55579dfbd4f6621b5d842c5e731d6a1d37dbfd04b26b1c55bf8cdea980e67d25,close,"[unit=percent] [CODE][OBSERVED] Public-code seed-0 one-caption/self-exclusion T2T protocol. PAPER does not disclose caption selection, self-exclusion, or tie handling; both predeclared protocols remain visible."
Table 3,official_source_oea_qwen7b_ac_clotho_t2t_all_captions_sensitivity,OEA-Qwen7B,Clotho,T2T,R@1,63.66,62.66028708133972,0.999713,-1.570394,0,JudeJiwoo/OEA-Qwen7B-AC@f44f247020a7192affe6927db91d0778d33b9791/step_300.pt#sha256:cd751e3a71f0b47b9ecbbc0f5a11e4673097f0ebdbd80f610387f5778dd70a46,close,"[unit=percent] [INFERRED][OBSERVED] All-caption T2T sensitivity evaluates 5,225 queries. It remains separate and is not promoted based on numerical proximity."
Table 3,official_source_oea_qwen7b_ac_clotho_t2t_all_captions_sensitivity,OEA-Qwen7B,Clotho,T2T,R@5,74.32,74.10526315789474,0.214737,-0.288935,0,JudeJiwoo/OEA-Qwen7B-AC@f44f247020a7192affe6927db91d0778d33b9791/step_300.pt#sha256:cd751e3a71f0b47b9ecbbc0f5a11e4673097f0ebdbd80f610387f5778dd70a46,close,"[unit=percent] [INFERRED][OBSERVED] All-caption T2T sensitivity evaluates 5,225 queries. It remains separate and is not promoted based on numerical proximity."
Table 3,official_source_oea_qwen7b_ac_clotho_t2t_all_captions_sensitivity,OEA-Qwen7B,Clotho,T2T,R@10,79.37,79.2153110047847,0.154689,-0.194896,0,JudeJiwoo/OEA-Qwen7B-AC@f44f247020a7192affe6927db91d0778d33b9791/step_300.pt#sha256:cd751e3a71f0b47b9ecbbc0f5a11e4673097f0ebdbd80f610387f5778dd70a46,close,"[unit=percent] [INFERRED][OBSERVED] All-caption T2T sensitivity evaluates 5,225 queries. It remains separate and is not promoted based on numerical proximity."
Table 3,official_source_oea_qwen7b_ac_clotho_t2t_public_code_default_seed0,OEA-Qwen7B,Clotho,T2T,R@1,63.66,60.86124401913876,2.798756,-4.396412,0,JudeJiwoo/OEA-Qwen7B-AC@f44f247020a7192affe6927db91d0778d33b9791/step_300.pt#sha256:cd751e3a71f0b47b9ecbbc0f5a11e4673097f0ebdbd80f610387f5778dd70a46,close,"[unit=percent] [CODE][OBSERVED] Default T2T selects one seed-0 caption per clip. PAPER caption selection, self-exclusion, and tie handling remain missing."
Table 3,official_source_oea_qwen7b_ac_clotho_t2t_public_code_default_seed0,OEA-Qwen7B,Clotho,T2T,R@5,74.32,72.63157894736842,1.688421,-2.271826,0,JudeJiwoo/OEA-Qwen7B-AC@f44f247020a7192affe6927db91d0778d33b9791/step_300.pt#sha256:cd751e3a71f0b47b9ecbbc0f5a11e4673097f0ebdbd80f610387f5778dd70a46,close,"[unit=percent] [CODE][OBSERVED] Default T2T selects one seed-0 caption per clip. PAPER caption selection, self-exclusion, and tie handling remain missing."
Table 3,official_source_oea_qwen7b_ac_clotho_t2t_public_code_default_seed0,OEA-Qwen7B,Clotho,T2T,R@10,79.37,78.75598086124403,0.614019,-0.773616,0,JudeJiwoo/OEA-Qwen7B-AC@f44f247020a7192affe6927db91d0778d33b9791/step_300.pt#sha256:cd751e3a71f0b47b9ecbbc0f5a11e4673097f0ebdbd80f610387f5778dd70a46,close,"[unit=percent] [CODE][OBSERVED] Default T2T selects one seed-0 caption per clip. PAPER caption selection, self-exclusion, and tie handling remain missing."
Table 3,official_source_oea_qwen7b_cl_clotho_t2t_all_captions_sensitivity,OEA-Qwen7B (+Cl),Clotho,T2T,R@1,63.58,63.23444976076556,0.34555,-0.543489,0,JudeJiwoo/OEA-Qwen7B-Cl@30c6e97cfdf451b1948013d2839befe0c3022c46/step_330.pt#sha256:09ce41af7e7ac23106fa74d25e45b7229a046d687774cbd4ab2c00c05097d92e,close,"[unit=percent] [INFERRED][OBSERVED] All-caption T2T sensitivity evaluates 5,225 queries. It remains separate and is not promoted based on numerical proximity."
Table 3,official_source_oea_qwen7b_cl_clotho_t2t_all_captions_sensitivity,OEA-Qwen7B (+Cl),Clotho,T2T,R@5,75.04,74.98564593301435,0.054354,-0.072433,0,JudeJiwoo/OEA-Qwen7B-Cl@30c6e97cfdf451b1948013d2839befe0c3022c46/step_330.pt#sha256:09ce41af7e7ac23106fa74d25e45b7229a046d687774cbd4ab2c00c05097d92e,close,"[unit=percent] [INFERRED][OBSERVED] All-caption T2T sensitivity evaluates 5,225 queries. It remains separate and is not promoted based on numerical proximity."
Table 3,official_source_oea_qwen7b_cl_clotho_t2t_all_captions_sensitivity,OEA-Qwen7B (+Cl),Clotho,T2T,R@10,79.90,79.6555023923445,0.244498,-0.306005,0,JudeJiwoo/OEA-Qwen7B-Cl@30c6e97cfdf451b1948013d2839befe0c3022c46/step_330.pt#sha256:09ce41af7e7ac23106fa74d25e45b7229a046d687774cbd4ab2c00c05097d92e,close,"[unit=percent] [INFERRED][OBSERVED] All-caption T2T sensitivity evaluates 5,225 queries. It remains separate and is not promoted based on numerical proximity."
Table 3,official_source_oea_qwen7b_cl_clotho_t2t_public_code_default_seed0,OEA-Qwen7B (+Cl),Clotho,T2T,R@1,63.58,60.86124401913876,2.718756,-4.276118,0,JudeJiwoo/OEA-Qwen7B-Cl@30c6e97cfdf451b1948013d2839befe0c3022c46/step_330.pt#sha256:09ce41af7e7ac23106fa74d25e45b7229a046d687774cbd4ab2c00c05097d92e,close,"[unit=percent] [CODE][OBSERVED] Default T2T selects one seed-0 caption per clip. PAPER caption selection, self-exclusion, and tie handling remain missing."
Table 3,official_source_oea_qwen7b_cl_clotho_t2t_public_code_default_seed0,OEA-Qwen7B (+Cl),Clotho,T2T,R@5,75.04,72.82296650717703,2.217033,-2.954469,0,JudeJiwoo/OEA-Qwen7B-Cl@30c6e97cfdf451b1948013d2839befe0c3022c46/step_330.pt#sha256:09ce41af7e7ac23106fa74d25e45b7229a046d687774cbd4ab2c00c05097d92e,close,"[unit=percent] [CODE][OBSERVED] Default T2T selects one seed-0 caption per clip. PAPER caption selection, self-exclusion, and tie handling remain missing."
Table 3,official_source_oea_qwen7b_cl_clotho_t2t_public_code_default_seed0,OEA-Qwen7B (+Cl),Clotho,T2T,R@10,79.90,78.4688995215311,1.4311,-1.791114,0,JudeJiwoo/OEA-Qwen7B-Cl@30c6e97cfdf451b1948013d2839befe0c3022c46/step_330.pt#sha256:09ce41af7e7ac23106fa74d25e45b7229a046d687774cbd4ab2c00c05097d92e,close,"[unit=percent] [CODE][OBSERVED] Default T2T selects one seed-0 caption per clip. PAPER caption selection, self-exclusion, and tie handling remain missing."
Table 3,official_source_vanilla_nemotron_3b_clotho_t2t_all_captions_sensitivity,Nemotron-3B,Clotho,T2T,R@1,57.84,57.89473684210527,0.054737,0.094635,42,base-only:nvidia/omni-embed-nemotron-3b@865db1bb57e369a85357cf114cbd6b3c5322d19d#model-lock-sha256=eb62da7579d2f5b7ccd774e15d518d3ed50f4d502753b3fc4a7f51187b96cc1c,close,"[unit=percent] [INFERRED][OBSERVED] All-caption T2T sensitivity evaluates 5,225 queries. It remains separate and is not promoted based on numerical proximity."
Table 3,official_source_vanilla_nemotron_3b_clotho_t2t_all_captions_sensitivity,Nemotron-3B,Clotho,T2T,R@5,69.36,69.2822966507177,0.077703,-0.112029,42,base-only:nvidia/omni-embed-nemotron-3b@865db1bb57e369a85357cf114cbd6b3c5322d19d#model-lock-sha256=eb62da7579d2f5b7ccd774e15d518d3ed50f4d502753b3fc4a7f51187b96cc1c,close,"[unit=percent] [INFERRED][OBSERVED] All-caption T2T sensitivity evaluates 5,225 queries. It remains separate and is not promoted based on numerical proximity."
Table 3,official_source_vanilla_nemotron_3b_clotho_t2t_all_captions_sensitivity,Nemotron-3B,Clotho,T2T,R@10,74.26,74.20095693779905,0.059043,-0.079509,42,base-only:nvidia/omni-embed-nemotron-3b@865db1bb57e369a85357cf114cbd6b3c5322d19d#model-lock-sha256=eb62da7579d2f5b7ccd774e15d518d3ed50f4d502753b3fc4a7f51187b96cc1c,close,"[unit=percent] [INFERRED][OBSERVED] All-caption T2T sensitivity evaluates 5,225 queries. It remains separate and is not promoted based on numerical proximity."
Table 3,official_source_vanilla_nemotron_3b_clotho_t2t_public_code_default_seed0,Nemotron-3B,Clotho,T2T,R@1,57.84,57.12918660287082,0.710813,-1.22893,42,base-only:nvidia/omni-embed-nemotron-3b@865db1bb57e369a85357cf114cbd6b3c5322d19d#model-lock-sha256=eb62da7579d2f5b7ccd774e15d518d3ed50f4d502753b3fc4a7f51187b96cc1c,close,"[unit=percent] [CODE][OBSERVED] Public-code seed-0 one-caption/self-exclusion T2T protocol. PAPER does not disclose caption selection, self-exclusion, or tie handling; both predeclared protocols remain visible."
Table 3,official_source_vanilla_nemotron_3b_clotho_t2t_public_code_default_seed0,Nemotron-3B,Clotho,T2T,R@5,69.36,69.377990430622,0.01799,0.025938,42,base-only:nvidia/omni-embed-nemotron-3b@865db1bb57e369a85357cf114cbd6b3c5322d19d#model-lock-sha256=eb62da7579d2f5b7ccd774e15d518d3ed50f4d502753b3fc4a7f51187b96cc1c,close,"[unit=percent] [CODE][OBSERVED] Public-code seed-0 one-caption/self-exclusion T2T protocol. PAPER does not disclose caption selection, self-exclusion, or tie handling; both predeclared protocols remain visible."
Table 3,official_source_vanilla_nemotron_3b_clotho_t2t_public_code_default_seed0,Nemotron-3B,Clotho,T2T,R@10,74.26,74.35406698564593,0.094067,0.126672,42,base-only:nvidia/omni-embed-nemotron-3b@865db1bb57e369a85357cf114cbd6b3c5322d19d#model-lock-sha256=eb62da7579d2f5b7ccd774e15d518d3ed50f4d502753b3fc4a7f51187b96cc1c,close,"[unit=percent] [CODE][OBSERVED] Public-code seed-0 one-caption/self-exclusion T2T protocol. PAPER does not disclose caption selection, self-exclusion, or tie handling; both predeclared protocols remain visible."
Table 3,official_source_vanilla_qwen2_5_omni_3b_clotho_t2t_all_captions_sensitivity,Qwen2.5-Omni-3B,Clotho,T2T,R@1,38.35,38.41148325358852,0.061483,0.160321,42,base-only:Qwen/Qwen2.5-Omni-3B@f75b40e3da2003cdd6e1829b1f420ca70797c34e#model-lock-sha256=9c73f0489ffcbc41b4126d2c2329569dd0f4c58ac8c13207aa41257f266a84e2,close,"[unit=percent] [INFERRED][OBSERVED] All-caption T2T sensitivity evaluates 5,225 queries. It remains separate and is not promoted based on numerical proximity."
Table 3,official_source_vanilla_qwen2_5_omni_3b_clotho_t2t_all_captions_sensitivity,Qwen2.5-Omni-3B,Clotho,T2T,R@5,51.14,51.13875598086124,0.001244,-0.002433,42,base-only:Qwen/Qwen2.5-Omni-3B@f75b40e3da2003cdd6e1829b1f420ca70797c34e#model-lock-sha256=9c73f0489ffcbc41b4126d2c2329569dd0f4c58ac8c13207aa41257f266a84e2,close,"[unit=percent] [INFERRED][OBSERVED] All-caption T2T sensitivity evaluates 5,225 queries. It remains separate and is not promoted based on numerical proximity."
Table 3,official_source_vanilla_qwen2_5_omni_3b_clotho_t2t_all_captions_sensitivity,Qwen2.5-Omni-3B,Clotho,T2T,R@10,57.07,57.110047846889955,0.040048,0.070173,42,base-only:Qwen/Qwen2.5-Omni-3B@f75b40e3da2003cdd6e1829b1f420ca70797c34e#model-lock-sha256=9c73f0489ffcbc41b4126d2c2329569dd0f4c58ac8c13207aa41257f266a84e2,close,"[unit=percent] [INFERRED][OBSERVED] All-caption T2T sensitivity evaluates 5,225 queries. It remains separate and is not promoted based on numerical proximity."
Table 3,official_source_vanilla_qwen2_5_omni_3b_clotho_t2t_public_code_default_seed0,Qwen2.5-Omni-3B,Clotho,T2T,R@1,38.35,39.52153110047847,1.171531,3.05484,42,base-only:Qwen/Qwen2.5-Omni-3B@f75b40e3da2003cdd6e1829b1f420ca70797c34e#model-lock-sha256=9c73f0489ffcbc41b4126d2c2329569dd0f4c58ac8c13207aa41257f266a84e2,close,"[unit=percent] [CODE][OBSERVED] Public-code seed-0 one-caption/self-exclusion T2T protocol. PAPER does not disclose caption selection, self-exclusion, or tie handling; both predeclared protocols remain visible."
Table 3,official_source_vanilla_qwen2_5_omni_3b_clotho_t2t_public_code_default_seed0,Qwen2.5-Omni-3B,Clotho,T2T,R@5,51.14,52.2488038277512,1.108804,2.168173,42,base-only:Qwen/Qwen2.5-Omni-3B@f75b40e3da2003cdd6e1829b1f420ca70797c34e#model-lock-sha256=9c73f0489ffcbc41b4126d2c2329569dd0f4c58ac8c13207aa41257f266a84e2,close,"[unit=percent] [CODE][OBSERVED] Public-code seed-0 one-caption/self-exclusion T2T protocol. PAPER does not disclose caption selection, self-exclusion, or tie handling; both predeclared protocols remain visible."
Table 3,official_source_vanilla_qwen2_5_omni_3b_clotho_t2t_public_code_default_seed0,Qwen2.5-Omni-3B,Clotho,T2T,R@10,57.07,59.04306220095694,1.973062,3.457267,42,base-only:Qwen/Qwen2.5-Omni-3B@f75b40e3da2003cdd6e1829b1f420ca70797c34e#model-lock-sha256=9c73f0489ffcbc41b4126d2c2329569dd0f4c58ac8c13207aa41257f266a84e2,close,"[unit=percent] [CODE][OBSERVED] Public-code seed-0 one-caption/self-exclusion T2T protocol. PAPER does not disclose caption selection, self-exclusion, or tie handling; both predeclared protocols remain visible."
Table 3,official_source_vanilla_qwen2_5_omni_7b_clotho_t2t_all_captions_sensitivity,Qwen2.5-Omni-7B,Clotho,T2T,R@1,40.23,39.406699,0.823301,-2.046485,42,base-only:Qwen/Qwen2.5-Omni-7B@ae9e1690543ffd5c0221dc27f79834d0294cba00#model-lock-sha256=92173cfc0615841f8300b4e03a8954af339635de0b791b94c2d049eb2d8638ef,close,"[unit=percent] [INFERRED][OBSERVED] All-caption T2T sensitivity evaluates 5,225 queries. It remains separate and is not promoted based on numerical proximity."
Table 3,official_source_vanilla_qwen2_5_omni_7b_clotho_t2t_all_captions_sensitivity,Qwen2.5-Omni-7B,Clotho,T2T,R@5,54.26,52.976077,1.283923,-2.366242,42,base-only:Qwen/Qwen2.5-Omni-7B@ae9e1690543ffd5c0221dc27f79834d0294cba00#model-lock-sha256=92173cfc0615841f8300b4e03a8954af339635de0b791b94c2d049eb2d8638ef,close,"[unit=percent] [INFERRED][OBSERVED] All-caption T2T sensitivity evaluates 5,225 queries. It remains separate and is not promoted based on numerical proximity."
Table 3,official_source_vanilla_qwen2_5_omni_7b_clotho_t2t_all_captions_sensitivity,Qwen2.5-Omni-7B,Clotho,T2T,R@10,60.27,59.100478,1.169522,-1.940471,42,base-only:Qwen/Qwen2.5-Omni-7B@ae9e1690543ffd5c0221dc27f79834d0294cba00#model-lock-sha256=92173cfc0615841f8300b4e03a8954af339635de0b791b94c2d049eb2d8638ef,close,"[unit=percent] [INFERRED][OBSERVED] All-caption T2T sensitivity evaluates 5,225 queries. It remains separate and is not promoted based on numerical proximity."
Table 3,official_source_vanilla_qwen2_5_omni_7b_clotho_t2t_public_code_default_seed0,Qwen2.5-Omni-7B,Clotho,T2T,R@1,40.23,40.76555,0.53555,1.33122,42,base-only:Qwen/Qwen2.5-Omni-7B@ae9e1690543ffd5c0221dc27f79834d0294cba00#model-lock-sha256=92173cfc0615841f8300b4e03a8954af339635de0b791b94c2d049eb2d8638ef,close,"[unit=percent] [CODE][OBSERVED] Public-code seed-0 one-caption/self-exclusion T2T protocol. PAPER does not disclose caption selection, self-exclusion, or tie handling; both predeclared protocols remain visible."
Table 3,official_source_vanilla_qwen2_5_omni_7b_clotho_t2t_public_code_default_seed0,Qwen2.5-Omni-7B,Clotho,T2T,R@5,54.26,54.162679,0.097321,-0.17936,42,base-only:Qwen/Qwen2.5-Omni-7B@ae9e1690543ffd5c0221dc27f79834d0294cba00#model-lock-sha256=92173cfc0615841f8300b4e03a8954af339635de0b791b94c2d049eb2d8638ef,close,"[unit=percent] [CODE][OBSERVED] Public-code seed-0 one-caption/self-exclusion T2T protocol. PAPER does not disclose caption selection, self-exclusion, or tie handling; both predeclared protocols remain visible."
Table 3,official_source_vanilla_qwen2_5_omni_7b_clotho_t2t_public_code_default_seed0,Qwen2.5-Omni-7B,Clotho,T2T,R@10,60.27,59.808612,0.461388,-0.765535,42,base-only:Qwen/Qwen2.5-Omni-7B@ae9e1690543ffd5c0221dc27f79834d0294cba00#model-lock-sha256=92173cfc0615841f8300b4e03a8954af339635de0b791b94c2d049eb2d8638ef,close,"[unit=percent] [CODE][OBSERVED] Public-code seed-0 one-caption/self-exclusion T2T protocol. PAPER does not disclose caption selection, self-exclusion, or tie handling; both predeclared protocols remain visible."
Table 5,oea_qwen3b_clotho_a100_efficiency_strict_paper_protocol,OEA-Qwen3B,"Clotho (1,045 clips; A100-SXM4-80GB)",Inference efficiency,Audio encoding (ms/clip),539.3,,,,,JudeJiwoo/OEA-Qwen3B-Cl@54ccd008d4a1340d2a1f8edcd5dd0e82c61367a4/step_40_inference_only.pt#sha256:f084bf3c3ad645809e4c7e22cf148caef788cb96c019729576b881291268432a,blocked,"[unit=milliseconds] [MISSING] PAPER does not publish the timing boundary. The completed same-GPU controlled run measured 273.206701 ms end-to-end, but that value is not promoted to the strict Table 5 protocol."
Table 5,oea_qwen3b_clotho_a100_efficiency_strict_paper_protocol,OEA-Qwen3B,"Clotho (1,045 clips; A100-SXM4-80GB)",Inference efficiency,Text encoding (ms/query),2.60,,,,,JudeJiwoo/OEA-Qwen3B-Cl@54ccd008d4a1340d2a1f8edcd5dd0e82c61367a4/step_40_inference_only.pt#sha256:f084bf3c3ad645809e4c7e22cf148caef788cb96c019729576b881291268432a,blocked,"[unit=milliseconds] [MISSING] PAPER does not publish the timing boundary. The completed same-GPU controlled run measured 46.638122 ms end-to-end, but that value is not promoted to the strict Table 5 protocol."
Table 5,oea_qwen3b_clotho_a100_efficiency_strict_paper_protocol,OEA-Qwen3B,"Clotho (1,045 clips; A100-SXM4-80GB)",Inference efficiency,Peak GPU memory (GB),11.6,,,,,JudeJiwoo/OEA-Qwen3B-Cl@54ccd008d4a1340d2a1f8edcd5dd0e82c61367a4/step_40_inference_only.pt#sha256:f084bf3c3ad645809e4c7e22cf148caef788cb96c019729576b881291268432a,blocked,"[unit=gigabytes] [MISSING] PAPER does not define allocated versus reserved peak memory, model-load inclusion, or decimal GB versus GiB. The controlled readings remain in the audit and are not selectively mapped to Table 5."
Table 5,oea_qwen3b_clotho_a100_efficiency_strict_paper_protocol,OEA-Qwen3B,"Clotho (1,045 clips; A100-SXM4-80GB)",Inference efficiency,Trainable parameters (M),16.2,,,,,JudeJiwoo/OEA-Qwen3B-Cl@54ccd008d4a1340d2a1f8edcd5dd0e82c61367a4/step_40_inference_only.pt#sha256:f084bf3c3ad645809e4c7e22cf148caef788cb96c019729576b881291268432a,blocked,[unit=million_parameters] [MISSING] PAPER does not publish its trainable-parameter counting procedure or training code. The released checkpoint has 14.71488M measured LoRA-plus-head parameters versus PAPER's 16.2M.
Table 12,oea_nemo3b_cl_clotho_uiq_question_released_canonical_id,OEA-Nemo3B (+Cl),Clotho,UIQ Question T2A,R@1,23.44,23.636363636363637,0.196364,0.837729,42,JudeJiwoo/OEA-Nemo3B-Cl@9588912298afca0b11f5895b864ae28083f35022/step_450_best_inference_only.pt#sha256:2a5bee9039a28c0028cf205d1e2f4302fda540dd913f4cc1b08301edfc6680c4,close,"[unit=percent] [CODE] Released Question UIQ queries use exact canonical Clotho target IDs. Absolute delta is 0.196364 percentage points. The public-code audio candidate bank omits the passage: prefix stated by PAPER, so this is not labeled a strict paper-protocol reproduction."
Table 12,oea_nemo3b_cl_clotho_uiq_question_released_canonical_id,OEA-Nemo3B (+Cl),Clotho,UIQ Question T2A,R@5,50.62,50.8133971291866,0.193397,0.382057,42,JudeJiwoo/OEA-Nemo3B-Cl@9588912298afca0b11f5895b864ae28083f35022/step_450_best_inference_only.pt#sha256:2a5bee9039a28c0028cf205d1e2f4302fda540dd913f4cc1b08301edfc6680c4,close,"[unit=percent] [CODE] Released Question UIQ queries use exact canonical Clotho target IDs. Absolute delta is 0.193397 percentage points. The public-code audio candidate bank omits the passage: prefix stated by PAPER, so this is not labeled a strict paper-protocol reproduction."
Table 12,oea_nemo3b_cl_clotho_uiq_question_released_canonical_id,OEA-Nemo3B (+Cl),Clotho,UIQ Question T2A,R@10,63.73,63.92344497607656,0.193445,0.303538,42,JudeJiwoo/OEA-Nemo3B-Cl@9588912298afca0b11f5895b864ae28083f35022/step_450_best_inference_only.pt#sha256:2a5bee9039a28c0028cf205d1e2f4302fda540dd913f4cc1b08301edfc6680c4,close,"[unit=percent] [CODE] Released Question UIQ queries use exact canonical Clotho target IDs. Absolute delta is 0.193445 percentage points. The public-code audio candidate bank omits the passage: prefix stated by PAPER, so this is not labeled a strict paper-protocol reproduction."
Table 12,oea_qwen3b_cl_clotho_uiq_question_released_canonical_id,OEA-Qwen3B (+Cl),Clotho,UIQ Question T2A,R@1,25.74,25.837320574162682,0.097321,0.378091,42,JudeJiwoo/OEA-Qwen3B-Cl@54ccd008d4a1340d2a1f8edcd5dd0e82c61367a4/step_40_inference_only.pt#sha256:f084bf3c3ad645809e4c7e22cf148caef788cb96c019729576b881291268432a,close,"[unit=percent] [CODE] Released Question UIQ queries use exact canonical Clotho target IDs. Absolute delta is 0.097321 percentage points. The public-code audio candidate bank omits the passage: prefix stated by PAPER, so this is not labeled a strict paper-protocol reproduction."
Table 12,oea_qwen3b_cl_clotho_uiq_question_released_canonical_id,OEA-Qwen3B (+Cl),Clotho,UIQ Question T2A,R@5,54.26,54.066985645933016,0.193014,-0.355721,42,JudeJiwoo/OEA-Qwen3B-Cl@54ccd008d4a1340d2a1f8edcd5dd0e82c61367a4/step_40_inference_only.pt#sha256:f084bf3c3ad645809e4c7e22cf148caef788cb96c019729576b881291268432a,close,"[unit=percent] [CODE] Released Question UIQ queries use exact canonical Clotho target IDs. Absolute delta is 0.193014 percentage points. The public-code audio candidate bank omits the passage: prefix stated by PAPER, so this is not labeled a strict paper-protocol reproduction."
Table 12,oea_qwen3b_cl_clotho_uiq_question_released_canonical_id,OEA-Qwen3B (+Cl),Clotho,UIQ Question T2A,R@10,66.79,66.60287081339713,0.187129,-0.280175,42,JudeJiwoo/OEA-Qwen3B-Cl@54ccd008d4a1340d2a1f8edcd5dd0e82c61367a4/step_40_inference_only.pt#sha256:f084bf3c3ad645809e4c7e22cf148caef788cb96c019729576b881291268432a,close,"[unit=percent] [CODE] Released Question UIQ queries use exact canonical Clotho target IDs. Absolute delta is 0.187129 percentage points. The public-code audio candidate bank omits the passage: prefix stated by PAPER, so this is not labeled a strict paper-protocol reproduction."
Table 12,oea_qwen3b_clotho_uiq_question_released_canonical_id,OEA-Qwen3B,Clotho,UIQ Question T2A,R@1,21.34,21.5311004784689,0.1911,0.895504,42,JudeJiwoo/OEA-Qwen3B-AC@f6c4b3b86385fd7ecbe3bacf45548a2259af8db4/step_350_inference_only.pt#sha256:b1d0f559711b70f5a80dbdeb8cd46d80ed7b38b8e5524b9a871878d8bcd5f101,close,"[unit=percent] [CODE] Released Question UIQ queries use exact canonical Clotho target IDs. Absolute delta is 0.191100 percentage points. The public-code audio candidate bank omits the passage: prefix stated by PAPER, so this is not labeled a strict paper-protocol reproduction."
Table 12,oea_qwen3b_clotho_uiq_question_released_canonical_id,OEA-Qwen3B,Clotho,UIQ Question T2A,R@5,44.11,44.49760765550239,0.387608,0.87873,42,JudeJiwoo/OEA-Qwen3B-AC@f6c4b3b86385fd7ecbe3bacf45548a2259af8db4/step_350_inference_only.pt#sha256:b1d0f559711b70f5a80dbdeb8cd46d80ed7b38b8e5524b9a871878d8bcd5f101,close,"[unit=percent] [CODE] Released Question UIQ queries use exact canonical Clotho target IDs. Absolute delta is 0.387608 percentage points. The public-code audio candidate bank omits the passage: prefix stated by PAPER, so this is not labeled a strict paper-protocol reproduction."
Table 12,oea_qwen3b_clotho_uiq_question_released_canonical_id,OEA-Qwen3B,Clotho,UIQ Question T2A,R@10,59.71,59.52153110047846,0.188469,-0.31564,42,JudeJiwoo/OEA-Qwen3B-AC@f6c4b3b86385fd7ecbe3bacf45548a2259af8db4/step_350_inference_only.pt#sha256:b1d0f559711b70f5a80dbdeb8cd46d80ed7b38b8e5524b9a871878d8bcd5f101,close,"[unit=percent] [CODE] Released Question UIQ queries use exact canonical Clotho target IDs. Absolute delta is 0.188469 percentage points. The public-code audio candidate bank omits the passage: prefix stated by PAPER, so this is not labeled a strict paper-protocol reproduction."
Table 12,official_source_laion_clap_clotho_question_released_uiq,LAION-CLAP,Clotho,UIQ Question T2A,R@1,16.17,18.373206,2.203206,13.625269,0,laion-clap==1.1.6:630k-audioset-best.pt#sha256=8053c9775516af2f4902e1e8281e356cc1bf7a85e8b761908170767b77c3f037,trend_reproduced,"[unit=percent] [CODE][OBSERVED] Released Question UIQ over the canonical 1,045-audio Clotho candidate bank. The controlled public-code value is retained despite its positive PAPER delta; strict baseline UIQ preprocessing is not published."
Table 12,official_source_laion_clap_clotho_question_released_uiq,LAION-CLAP,Clotho,UIQ Question T2A,R@5,39.33,43.157895,3.827895,9.732761,0,laion-clap==1.1.6:630k-audioset-best.pt#sha256=8053c9775516af2f4902e1e8281e356cc1bf7a85e8b761908170767b77c3f037,trend_reproduced,"[unit=percent] [CODE][OBSERVED] Released Question UIQ over the canonical 1,045-audio Clotho candidate bank. The controlled public-code value is retained despite its positive PAPER delta; strict baseline UIQ preprocessing is not published."
Table 12,official_source_laion_clap_clotho_question_released_uiq,LAION-CLAP,Clotho,UIQ Question T2A,R@10,53.30,57.990431,4.690431,8.800058,0,laion-clap==1.1.6:630k-audioset-best.pt#sha256=8053c9775516af2f4902e1e8281e356cc1bf7a85e8b761908170767b77c3f037,trend_reproduced,"[unit=percent] [CODE][OBSERVED] Released Question UIQ over the canonical 1,045-audio Clotho candidate bank. The controlled public-code value is retained despite its positive PAPER delta; strict baseline UIQ preprocessing is not published."
Table 12,official_source_m2d_clap_clotho_question_released_uiq,M2D-CLAP,Clotho,UIQ Question T2A,R@1,20.00,18.755981,1.244019,-6.220095,0,M2D-CLAP@3d0c4de9447c404a8d3f9f37e04f53bc902e09b3:checkpoint-30.pth#sha256=238521603c04862ab151cdd80980b591cb36ebe844d43203992fac9ef085c8a1,close,"[unit=percent] [CODE][OBSERVED] Released Question UIQ over the canonical 1,045-audio Clotho candidate bank. The controlled public-code result is close but not an exact paper-protocol reproduction."
Table 12,official_source_m2d_clap_clotho_question_released_uiq,M2D-CLAP,Clotho,UIQ Question T2A,R@5,46.60,45.07177,1.52823,-3.279464,0,M2D-CLAP@3d0c4de9447c404a8d3f9f37e04f53bc902e09b3:checkpoint-30.pth#sha256=238521603c04862ab151cdd80980b591cb36ebe844d43203992fac9ef085c8a1,close,"[unit=percent] [CODE][OBSERVED] Released Question UIQ over the canonical 1,045-audio Clotho candidate bank. The controlled public-code result is close but not an exact paper-protocol reproduction."
Table 12,official_source_m2d_clap_clotho_question_released_uiq,M2D-CLAP,Clotho,UIQ Question T2A,R@10,58.66,57.22488,1.43512,-2.446505,0,M2D-CLAP@3d0c4de9447c404a8d3f9f37e04f53bc902e09b3:checkpoint-30.pth#sha256=238521603c04862ab151cdd80980b591cb36ebe844d43203992fac9ef085c8a1,close,"[unit=percent] [CODE][OBSERVED] Released Question UIQ over the canonical 1,045-audio Clotho candidate bank. The controlled public-code result is close but not an exact paper-protocol reproduction."
Table 12,official_source_mga_clap_clotho_question_released_uiq,MGA-CLAP,Clotho,UIQ Question T2A,R@1,18.18,21.052632,2.872632,15.801056,0,MGA-CLAP@48ca5a5cd22cd34427e118bd8cf332090ec54770:model.pt#sha256=8703740b738e973a5b4d8a18a074ad56880e98f8ba21cd618d7d7ee5422d6e26,trend_reproduced,"[unit=percent] [CODE][OBSERVED] Released Question UIQ over the canonical 1,045-audio Clotho candidate bank. The controlled public-code value is retained despite its positive PAPER delta; strict baseline UIQ preprocessing is not published."
Table 12,official_source_mga_clap_clotho_question_released_uiq,MGA-CLAP,Clotho,UIQ Question T2A,R@5,44.98,48.325359,3.345359,7.437437,0,MGA-CLAP@48ca5a5cd22cd34427e118bd8cf332090ec54770:model.pt#sha256=8703740b738e973a5b4d8a18a074ad56880e98f8ba21cd618d7d7ee5422d6e26,trend_reproduced,"[unit=percent] [CODE][OBSERVED] Released Question UIQ over the canonical 1,045-audio Clotho candidate bank. The controlled public-code value is retained despite its positive PAPER delta; strict baseline UIQ preprocessing is not published."
Table 12,official_source_mga_clap_clotho_question_released_uiq,MGA-CLAP,Clotho,UIQ Question T2A,R@10,57.70,62.77512,5.07512,8.795702,0,MGA-CLAP@48ca5a5cd22cd34427e118bd8cf332090ec54770:model.pt#sha256=8703740b738e973a5b4d8a18a074ad56880e98f8ba21cd618d7d7ee5422d6e26,trend_reproduced,"[unit=percent] [CODE][OBSERVED] Released Question UIQ over the canonical 1,045-audio Clotho candidate bank. The controlled public-code value is retained despite its positive PAPER delta; strict baseline UIQ preprocessing is not published."
Table 12,official_source_oea_nemo3b_ac_clotho_uiq_question_released_canonical_id,OEA-Nemo3B,Clotho,UIQ Question T2A,R@1,19.81,18.947368421052634,0.862632,-4.354526,42,JudeJiwoo/OEA-Nemo3B-AC@8ed66aa77bc6f2001b807b5d2bd3e60503d89535/step_400_best.pt#sha256:55579dfbd4f6621b5d842c5e731d6a1d37dbfd04b26b1c55bf8cdea980e67d25,close,[unit=percent] [CODE][OBSERVED] Released Question UIQ queries use exact canonical Clotho target IDs with the official OEA loading path and official metric source.
Table 12,official_source_oea_nemo3b_ac_clotho_uiq_question_released_canonical_id,OEA-Nemo3B,Clotho,UIQ Question T2A,R@5,43.54,43.63636363636363,0.096364,0.221322,42,JudeJiwoo/OEA-Nemo3B-AC@8ed66aa77bc6f2001b807b5d2bd3e60503d89535/step_400_best.pt#sha256:55579dfbd4f6621b5d842c5e731d6a1d37dbfd04b26b1c55bf8cdea980e67d25,close,[unit=percent] [CODE][OBSERVED] Released Question UIQ queries use exact canonical Clotho target IDs with the official OEA loading path and official metric source.
Table 12,official_source_oea_nemo3b_ac_clotho_uiq_question_released_canonical_id,OEA-Nemo3B,Clotho,UIQ Question T2A,R@10,57.61,56.36363636363636,1.246364,-2.16345,42,JudeJiwoo/OEA-Nemo3B-AC@8ed66aa77bc6f2001b807b5d2bd3e60503d89535/step_400_best.pt#sha256:55579dfbd4f6621b5d842c5e731d6a1d37dbfd04b26b1c55bf8cdea980e67d25,close,[unit=percent] [CODE][OBSERVED] Released Question UIQ queries use exact canonical Clotho target IDs with the official OEA loading path and official metric source.
Table 13,oea_nemo3b_cl_clotho_uiq_imperative_released_canonical_id,OEA-Nemo3B (+Cl),Clotho,UIQ Imperative T2A,R@1,24.02,24.019138755980862,0.000861,-0.003586,42,JudeJiwoo/OEA-Nemo3B-Cl@9588912298afca0b11f5895b864ae28083f35022/step_450_best_inference_only.pt#sha256:2a5bee9039a28c0028cf205d1e2f4302fda540dd913f4cc1b08301edfc6680c4,close,"[unit=percent] [CODE] Released Imperative UIQ queries use exact canonical Clotho target IDs. Absolute delta is 0.000861 percentage points. The public-code audio candidate bank omits the passage: prefix stated by PAPER, so this is not labeled a strict paper-protocol reproduction."
Table 13,oea_nemo3b_cl_clotho_uiq_imperative_released_canonical_id,OEA-Nemo3B (+Cl),Clotho,UIQ Imperative T2A,R@5,51.29,51.100478468899524,0.189522,-0.36951,42,JudeJiwoo/OEA-Nemo3B-Cl@9588912298afca0b11f5895b864ae28083f35022/step_450_best_inference_only.pt#sha256:2a5bee9039a28c0028cf205d1e2f4302fda540dd913f4cc1b08301edfc6680c4,close,"[unit=percent] [CODE] Released Imperative UIQ queries use exact canonical Clotho target IDs. Absolute delta is 0.189522 percentage points. The public-code audio candidate bank omits the passage: prefix stated by PAPER, so this is not labeled a strict paper-protocol reproduction."
Table 13,oea_nemo3b_cl_clotho_uiq_imperative_released_canonical_id,OEA-Nemo3B (+Cl),Clotho,UIQ Imperative T2A,R@10,64.69,64.97607655502392,0.286077,0.442227,42,JudeJiwoo/OEA-Nemo3B-Cl@9588912298afca0b11f5895b864ae28083f35022/step_450_best_inference_only.pt#sha256:2a5bee9039a28c0028cf205d1e2f4302fda540dd913f4cc1b08301edfc6680c4,close,"[unit=percent] [CODE] Released Imperative UIQ queries use exact canonical Clotho target IDs. Absolute delta is 0.286077 percentage points. The public-code audio candidate bank omits the passage: prefix stated by PAPER, so this is not labeled a strict paper-protocol reproduction."
Table 13,oea_qwen3b_cl_clotho_uiq_imperative_released_canonical_id,OEA-Qwen3B (+Cl),Clotho,UIQ Imperative T2A,R@1,25.45,25.837320574162682,0.387321,1.521888,42,JudeJiwoo/OEA-Qwen3B-Cl@54ccd008d4a1340d2a1f8edcd5dd0e82c61367a4/step_40_inference_only.pt#sha256:f084bf3c3ad645809e4c7e22cf148caef788cb96c019729576b881291268432a,close,"[unit=percent] [CODE] Released Imperative UIQ queries use exact canonical Clotho target IDs. Absolute delta is 0.387321 percentage points. The public-code audio candidate bank omits the passage: prefix stated by PAPER, so this is not labeled a strict paper-protocol reproduction."
Table 13,oea_qwen3b_cl_clotho_uiq_imperative_released_canonical_id,OEA-Qwen3B (+Cl),Clotho,UIQ Imperative T2A,R@5,55.69,55.69377990430622,0.00378,0.006787,42,JudeJiwoo/OEA-Qwen3B-Cl@54ccd008d4a1340d2a1f8edcd5dd0e82c61367a4/step_40_inference_only.pt#sha256:f084bf3c3ad645809e4c7e22cf148caef788cb96c019729576b881291268432a,close,"[unit=percent] [CODE] Released Imperative UIQ queries use exact canonical Clotho target IDs. Absolute delta is 0.003780 percentage points. The public-code audio candidate bank omits the passage: prefix stated by PAPER, so this is not labeled a strict paper-protocol reproduction."
Table 13,oea_qwen3b_cl_clotho_uiq_imperative_released_canonical_id,OEA-Qwen3B (+Cl),Clotho,UIQ Imperative T2A,R@10,67.56,66.98564593301435,0.574354,-0.850139,42,JudeJiwoo/OEA-Qwen3B-Cl@54ccd008d4a1340d2a1f8edcd5dd0e82c61367a4/step_40_inference_only.pt#sha256:f084bf3c3ad645809e4c7e22cf148caef788cb96c019729576b881291268432a,close,"[unit=percent] [CODE] Released Imperative UIQ queries use exact canonical Clotho target IDs. Absolute delta is 0.574354 percentage points. The public-code audio candidate bank omits the passage: prefix stated by PAPER, so this is not labeled a strict paper-protocol reproduction."
Table 13,oea_qwen3b_clotho_uiq_imperative_released_canonical_id,OEA-Qwen3B,Clotho,UIQ Imperative T2A,R@1,22.30,22.48803827751196,0.188038,0.843221,42,JudeJiwoo/OEA-Qwen3B-AC@f6c4b3b86385fd7ecbe3bacf45548a2259af8db4/step_350_inference_only.pt#sha256:b1d0f559711b70f5a80dbdeb8cd46d80ed7b38b8e5524b9a871878d8bcd5f101,close,"[unit=percent] [CODE] Released Imperative UIQ queries use exact canonical Clotho target IDs. Absolute delta is 0.188038 percentage points. The public-code audio candidate bank omits the passage: prefix stated by PAPER, so this is not labeled a strict paper-protocol reproduction."
Table 13,oea_qwen3b_clotho_uiq_imperative_released_canonical_id,OEA-Qwen3B,Clotho,UIQ Imperative T2A,R@5,46.12,46.2200956937799,0.100096,0.217033,42,JudeJiwoo/OEA-Qwen3B-AC@f6c4b3b86385fd7ecbe3bacf45548a2259af8db4/step_350_inference_only.pt#sha256:b1d0f559711b70f5a80dbdeb8cd46d80ed7b38b8e5524b9a871878d8bcd5f101,close,"[unit=percent] [CODE] Released Imperative UIQ queries use exact canonical Clotho target IDs. Absolute delta is 0.100096 percentage points. The public-code audio candidate bank omits the passage: prefix stated by PAPER, so this is not labeled a strict paper-protocol reproduction."
Table 13,oea_qwen3b_clotho_uiq_imperative_released_canonical_id,OEA-Qwen3B,Clotho,UIQ Imperative T2A,R@10,59.33,59.13875598086125,0.191244,-0.322339,42,JudeJiwoo/OEA-Qwen3B-AC@f6c4b3b86385fd7ecbe3bacf45548a2259af8db4/step_350_inference_only.pt#sha256:b1d0f559711b70f5a80dbdeb8cd46d80ed7b38b8e5524b9a871878d8bcd5f101,close,"[unit=percent] [CODE] Released Imperative UIQ queries use exact canonical Clotho target IDs. Absolute delta is 0.191244 percentage points. The public-code audio candidate bank omits the passage: prefix stated by PAPER, so this is not labeled a strict paper-protocol reproduction."
Table 13,official_source_laion_clap_clotho_imperative_released_uiq,LAION-CLAP,Clotho,UIQ Imperative T2A,R@1,14.45,17.033493,2.583493,17.878844,0,laion-clap==1.1.6:630k-audioset-best.pt#sha256=8053c9775516af2f4902e1e8281e356cc1bf7a85e8b761908170767b77c3f037,trend_reproduced,"[unit=percent] [CODE][OBSERVED] Released Imperative UIQ over the canonical 1,045-audio Clotho candidate bank. The controlled public-code value is retained despite its positive PAPER delta; strict baseline UIQ preprocessing is not published."
Table 13,official_source_laion_clap_clotho_imperative_released_uiq,LAION-CLAP,Clotho,UIQ Imperative T2A,R@5,37.99,42.679426,4.689426,12.343843,0,laion-clap==1.1.6:630k-audioset-best.pt#sha256=8053c9775516af2f4902e1e8281e356cc1bf7a85e8b761908170767b77c3f037,trend_reproduced,"[unit=percent] [CODE][OBSERVED] Released Imperative UIQ over the canonical 1,045-audio Clotho candidate bank. The controlled public-code value is retained despite its positive PAPER delta; strict baseline UIQ preprocessing is not published."
Table 13,official_source_laion_clap_clotho_imperative_released_uiq,LAION-CLAP,Clotho,UIQ Imperative T2A,R@10,51.29,56.172249,4.882249,9.51891,0,laion-clap==1.1.6:630k-audioset-best.pt#sha256=8053c9775516af2f4902e1e8281e356cc1bf7a85e8b761908170767b77c3f037,trend_reproduced,"[unit=percent] [CODE][OBSERVED] Released Imperative UIQ over the canonical 1,045-audio Clotho candidate bank. The controlled public-code value is retained despite its positive PAPER delta; strict baseline UIQ preprocessing is not published."
Table 13,official_source_m2d_clap_clotho_imperative_released_uiq,M2D-CLAP,Clotho,UIQ Imperative T2A,R@1,20.29,19.712919,0.577081,-2.844165,0,M2D-CLAP@3d0c4de9447c404a8d3f9f37e04f53bc902e09b3:checkpoint-30.pth#sha256=238521603c04862ab151cdd80980b591cb36ebe844d43203992fac9ef085c8a1,close,"[unit=percent] [CODE][OBSERVED] Released Imperative UIQ over the canonical 1,045-audio Clotho candidate bank. The controlled public-code result is close but not an exact paper-protocol reproduction."
Table 13,official_source_m2d_clap_clotho_imperative_released_uiq,M2D-CLAP,Clotho,UIQ Imperative T2A,R@5,46.22,46.028708,0.191292,-0.413873,0,M2D-CLAP@3d0c4de9447c404a8d3f9f37e04f53bc902e09b3:checkpoint-30.pth#sha256=238521603c04862ab151cdd80980b591cb36ebe844d43203992fac9ef085c8a1,close,"[unit=percent] [CODE][OBSERVED] Released Imperative UIQ over the canonical 1,045-audio Clotho candidate bank. The controlled public-code result is close but not an exact paper-protocol reproduction."
Table 13,official_source_m2d_clap_clotho_imperative_released_uiq,M2D-CLAP,Clotho,UIQ Imperative T2A,R@10,60.00,59.043062,0.956938,-1.594897,0,M2D-CLAP@3d0c4de9447c404a8d3f9f37e04f53bc902e09b3:checkpoint-30.pth#sha256=238521603c04862ab151cdd80980b591cb36ebe844d43203992fac9ef085c8a1,close,"[unit=percent] [CODE][OBSERVED] Released Imperative UIQ over the canonical 1,045-audio Clotho candidate bank. The controlled public-code result is close but not an exact paper-protocol reproduction."
Table 13,official_source_mga_clap_clotho_imperative_released_uiq,MGA-CLAP,Clotho,UIQ Imperative T2A,R@1,17.99,22.296651,4.306651,23.939138,0,MGA-CLAP@48ca5a5cd22cd34427e118bd8cf332090ec54770:model.pt#sha256=8703740b738e973a5b4d8a18a074ad56880e98f8ba21cd618d7d7ee5422d6e26,trend_reproduced,"[unit=percent] [CODE][OBSERVED] Released Imperative UIQ over the canonical 1,045-audio Clotho candidate bank. The controlled public-code value is retained despite its positive PAPER delta; strict baseline UIQ preprocessing is not published."
Table 13,official_source_mga_clap_clotho_imperative_released_uiq,MGA-CLAP,Clotho,UIQ Imperative T2A,R@5,44.59,48.61244,4.02244,9.020946,0,MGA-CLAP@48ca5a5cd22cd34427e118bd8cf332090ec54770:model.pt#sha256=8703740b738e973a5b4d8a18a074ad56880e98f8ba21cd618d7d7ee5422d6e26,trend_reproduced,"[unit=percent] [CODE][OBSERVED] Released Imperative UIQ over the canonical 1,045-audio Clotho candidate bank. The controlled public-code value is retained despite its positive PAPER delta; strict baseline UIQ preprocessing is not published."
Table 13,official_source_mga_clap_clotho_imperative_released_uiq,MGA-CLAP,Clotho,UIQ Imperative T2A,R@10,55.79,62.296651,6.506651,11.662755,0,MGA-CLAP@48ca5a5cd22cd34427e118bd8cf332090ec54770:model.pt#sha256=8703740b738e973a5b4d8a18a074ad56880e98f8ba21cd618d7d7ee5422d6e26,trend_reproduced,"[unit=percent] [CODE][OBSERVED] Released Imperative UIQ over the canonical 1,045-audio Clotho candidate bank. The controlled public-code value is retained despite its positive PAPER delta; strict baseline UIQ preprocessing is not published."
Table 13,official_source_oea_nemo3b_ac_clotho_uiq_imperative_released_canonical_id,OEA-Nemo3B,Clotho,UIQ Imperative T2A,R@1,18.85,19.043062200956935,0.193062,1.024203,42,JudeJiwoo/OEA-Nemo3B-AC@8ed66aa77bc6f2001b807b5d2bd3e60503d89535/step_400_best.pt#sha256:55579dfbd4f6621b5d842c5e731d6a1d37dbfd04b26b1c55bf8cdea980e67d25,close,[unit=percent] [CODE][OBSERVED] Released Imperative UIQ queries use exact canonical Clotho target IDs with the official OEA loading path and official metric source.
Table 13,official_source_oea_nemo3b_ac_clotho_uiq_imperative_released_canonical_id,OEA-Nemo3B,Clotho,UIQ Imperative T2A,R@5,43.25,43.34928229665071,0.099282,0.229554,42,JudeJiwoo/OEA-Nemo3B-AC@8ed66aa77bc6f2001b807b5d2bd3e60503d89535/step_400_best.pt#sha256:55579dfbd4f6621b5d842c5e731d6a1d37dbfd04b26b1c55bf8cdea980e67d25,close,[unit=percent] [CODE][OBSERVED] Released Imperative UIQ queries use exact canonical Clotho target IDs with the official OEA loading path and official metric source.
Table 13,official_source_oea_nemo3b_ac_clotho_uiq_imperative_released_canonical_id,OEA-Nemo3B,Clotho,UIQ Imperative T2A,R@10,57.03,56.84210526315789,0.187895,-0.329466,42,JudeJiwoo/OEA-Nemo3B-AC@8ed66aa77bc6f2001b807b5d2bd3e60503d89535/step_400_best.pt#sha256:55579dfbd4f6621b5d842c5e731d6a1d37dbfd04b26b1c55bf8cdea980e67d25,close,[unit=percent] [CODE][OBSERVED] Released Imperative UIQ queries use exact canonical Clotho target IDs with the official OEA loading path and official metric source.
Table 14,oea_nemo3b_cl_clotho_uiq_paraphrase_released_canonical_id,OEA-Nemo3B (+Cl),Clotho,UIQ Paraphrase T2A,R@1,23.83,23.54066985645933,0.28933,-1.214142,42,JudeJiwoo/OEA-Nemo3B-Cl@9588912298afca0b11f5895b864ae28083f35022/step_450_best_inference_only.pt#sha256:2a5bee9039a28c0028cf205d1e2f4302fda540dd913f4cc1b08301edfc6680c4,close,"[unit=percent] [CODE] Released Paraphrase UIQ queries use exact canonical Clotho target IDs. Absolute delta is 0.289330 percentage points. The public-code audio candidate bank omits the passage: prefix stated by PAPER, so this is not labeled a strict paper-protocol reproduction."
Table 14,oea_nemo3b_cl_clotho_uiq_paraphrase_released_canonical_id,OEA-Nemo3B (+Cl),Clotho,UIQ Paraphrase T2A,R@5,50.14,49.952153110047846,0.187847,-0.374645,42,JudeJiwoo/OEA-Nemo3B-Cl@9588912298afca0b11f5895b864ae28083f35022/step_450_best_inference_only.pt#sha256:2a5bee9039a28c0028cf205d1e2f4302fda540dd913f4cc1b08301edfc6680c4,close,"[unit=percent] [CODE] Released Paraphrase UIQ queries use exact canonical Clotho target IDs. Absolute delta is 0.187847 percentage points. The public-code audio candidate bank omits the passage: prefix stated by PAPER, so this is not labeled a strict paper-protocol reproduction."
Table 14,oea_nemo3b_cl_clotho_uiq_paraphrase_released_canonical_id,OEA-Nemo3B (+Cl),Clotho,UIQ Paraphrase T2A,R@10,64.50,64.40191387559808,0.098086,-0.152072,42,JudeJiwoo/OEA-Nemo3B-Cl@9588912298afca0b11f5895b864ae28083f35022/step_450_best_inference_only.pt#sha256:2a5bee9039a28c0028cf205d1e2f4302fda540dd913f4cc1b08301edfc6680c4,close,"[unit=percent] [CODE] Released Paraphrase UIQ queries use exact canonical Clotho target IDs. Absolute delta is 0.098086 percentage points. The public-code audio candidate bank omits the passage: prefix stated by PAPER, so this is not labeled a strict paper-protocol reproduction."
Table 14,oea_qwen3b_cl_clotho_uiq_paraphrase_released_canonical_id,OEA-Qwen3B (+Cl),Clotho,UIQ Paraphrase T2A,R@1,27.56,26.98564593301435,0.574354,-2.084013,42,JudeJiwoo/OEA-Qwen3B-Cl@54ccd008d4a1340d2a1f8edcd5dd0e82c61367a4/step_40_inference_only.pt#sha256:f084bf3c3ad645809e4c7e22cf148caef788cb96c019729576b881291268432a,close,"[unit=percent] [CODE] Released Paraphrase UIQ queries use exact canonical Clotho target IDs. Absolute delta is 0.574354 percentage points. The public-code audio candidate bank omits the passage: prefix stated by PAPER, so this is not labeled a strict paper-protocol reproduction."
Table 14,oea_qwen3b_cl_clotho_uiq_paraphrase_released_canonical_id,OEA-Qwen3B (+Cl),Clotho,UIQ Paraphrase T2A,R@5,55.50,55.11961722488038,0.380383,-0.685374,42,JudeJiwoo/OEA-Qwen3B-Cl@54ccd008d4a1340d2a1f8edcd5dd0e82c61367a4/step_40_inference_only.pt#sha256:f084bf3c3ad645809e4c7e22cf148caef788cb96c019729576b881291268432a,close,"[unit=percent] [CODE] Released Paraphrase UIQ queries use exact canonical Clotho target IDs. Absolute delta is 0.380383 percentage points. The public-code audio candidate bank omits the passage: prefix stated by PAPER, so this is not labeled a strict paper-protocol reproduction."
Table 14,oea_qwen3b_cl_clotho_uiq_paraphrase_released_canonical_id,OEA-Qwen3B (+Cl),Clotho,UIQ Paraphrase T2A,R@10,70.81,70.23923444976077,0.570766,-0.806052,42,JudeJiwoo/OEA-Qwen3B-Cl@54ccd008d4a1340d2a1f8edcd5dd0e82c61367a4/step_40_inference_only.pt#sha256:f084bf3c3ad645809e4c7e22cf148caef788cb96c019729576b881291268432a,close,"[unit=percent] [CODE] Released Paraphrase UIQ queries use exact canonical Clotho target IDs. Absolute delta is 0.570766 percentage points. The public-code audio candidate bank omits the passage: prefix stated by PAPER, so this is not labeled a strict paper-protocol reproduction."
Table 14,oea_qwen3b_clotho_uiq_paraphrase_released_canonical_id,OEA-Qwen3B,Clotho,UIQ Paraphrase T2A,R@1,21.24,20.95693779904306,0.283062,-1.332685,42,JudeJiwoo/OEA-Qwen3B-AC@f6c4b3b86385fd7ecbe3bacf45548a2259af8db4/step_350_inference_only.pt#sha256:b1d0f559711b70f5a80dbdeb8cd46d80ed7b38b8e5524b9a871878d8bcd5f101,close,"[unit=percent] [CODE] Released Paraphrase UIQ queries use exact canonical Clotho target IDs. Absolute delta is 0.283062 percentage points. The public-code audio candidate bank omits the passage: prefix stated by PAPER, so this is not labeled a strict paper-protocol reproduction."
Table 14,oea_qwen3b_clotho_uiq_paraphrase_released_canonical_id,OEA-Qwen3B,Clotho,UIQ Paraphrase T2A,R@5,46.79,46.79425837320574,0.004258,0.009101,42,JudeJiwoo/OEA-Qwen3B-AC@f6c4b3b86385fd7ecbe3bacf45548a2259af8db4/step_350_inference_only.pt#sha256:b1d0f559711b70f5a80dbdeb8cd46d80ed7b38b8e5524b9a871878d8bcd5f101,close,"[unit=percent] [CODE] Released Paraphrase UIQ queries use exact canonical Clotho target IDs. Absolute delta is 0.004258 percentage points. The public-code audio candidate bank omits the passage: prefix stated by PAPER, so this is not labeled a strict paper-protocol reproduction."
Table 14,oea_qwen3b_clotho_uiq_paraphrase_released_canonical_id,OEA-Qwen3B,Clotho,UIQ Paraphrase T2A,R@10,60.19,60.0956937799043,0.094306,-0.156681,42,JudeJiwoo/OEA-Qwen3B-AC@f6c4b3b86385fd7ecbe3bacf45548a2259af8db4/step_350_inference_only.pt#sha256:b1d0f559711b70f5a80dbdeb8cd46d80ed7b38b8e5524b9a871878d8bcd5f101,close,"[unit=percent] [CODE] Released Paraphrase UIQ queries use exact canonical Clotho target IDs. Absolute delta is 0.094306 percentage points. The public-code audio candidate bank omits the passage: prefix stated by PAPER, so this is not labeled a strict paper-protocol reproduction."
Table 14,official_source_laion_clap_clotho_paraphrase_released_uiq,LAION-CLAP,Clotho,UIQ Paraphrase T2A,R@1,15.98,18.277512,2.297512,14.377422,0,laion-clap==1.1.6:630k-audioset-best.pt#sha256=8053c9775516af2f4902e1e8281e356cc1bf7a85e8b761908170767b77c3f037,trend_reproduced,"[unit=percent] [CODE][OBSERVED] Released Paraphrase UIQ over the canonical 1,045-audio Clotho candidate bank. The controlled public-code value is retained despite its positive PAPER delta; strict baseline UIQ preprocessing is not published."
Table 14,official_source_laion_clap_clotho_paraphrase_released_uiq,LAION-CLAP,Clotho,UIQ Paraphrase T2A,R@5,39.14,44.593301,5.453301,13.932808,0,laion-clap==1.1.6:630k-audioset-best.pt#sha256=8053c9775516af2f4902e1e8281e356cc1bf7a85e8b761908170767b77c3f037,trend_reproduced,"[unit=percent] [CODE][OBSERVED] Released Paraphrase UIQ over the canonical 1,045-audio Clotho candidate bank. The controlled public-code value is retained despite its positive PAPER delta; strict baseline UIQ preprocessing is not published."
Table 14,official_source_laion_clap_clotho_paraphrase_released_uiq,LAION-CLAP,Clotho,UIQ Paraphrase T2A,R@10,52.73,55.598086,2.868086,5.439192,0,laion-clap==1.1.6:630k-audioset-best.pt#sha256=8053c9775516af2f4902e1e8281e356cc1bf7a85e8b761908170767b77c3f037,trend_reproduced,"[unit=percent] [CODE][OBSERVED] Released Paraphrase UIQ over the canonical 1,045-audio Clotho candidate bank. The controlled public-code value is retained despite its positive PAPER delta; strict baseline UIQ preprocessing is not published."
Table 14,official_source_m2d_clap_clotho_paraphrase_released_uiq,M2D-CLAP,Clotho,UIQ Paraphrase T2A,R@1,21.63,19.23445,2.39555,-11.075127,0,M2D-CLAP@3d0c4de9447c404a8d3f9f37e04f53bc902e09b3:checkpoint-30.pth#sha256=238521603c04862ab151cdd80980b591cb36ebe844d43203992fac9ef085c8a1,close,"[unit=percent] [CODE][OBSERVED] Released Paraphrase UIQ over the canonical 1,045-audio Clotho candidate bank. The controlled public-code result is close but not an exact paper-protocol reproduction."
Table 14,official_source_m2d_clap_clotho_paraphrase_released_uiq,M2D-CLAP,Clotho,UIQ Paraphrase T2A,R@5,50.72,47.272727,3.447273,-6.796674,0,M2D-CLAP@3d0c4de9447c404a8d3f9f37e04f53bc902e09b3:checkpoint-30.pth#sha256=238521603c04862ab151cdd80980b591cb36ebe844d43203992fac9ef085c8a1,close,"[unit=percent] [CODE][OBSERVED] Released Paraphrase UIQ over the canonical 1,045-audio Clotho candidate bank. The controlled public-code result is close but not an exact paper-protocol reproduction."
Table 14,official_source_m2d_clap_clotho_paraphrase_released_uiq,M2D-CLAP,Clotho,UIQ Paraphrase T2A,R@10,60.67,61.5311,0.8611,1.419318,0,M2D-CLAP@3d0c4de9447c404a8d3f9f37e04f53bc902e09b3:checkpoint-30.pth#sha256=238521603c04862ab151cdd80980b591cb36ebe844d43203992fac9ef085c8a1,close,"[unit=percent] [CODE][OBSERVED] Released Paraphrase UIQ over the canonical 1,045-audio Clotho candidate bank. The controlled public-code result is close but not an exact paper-protocol reproduction."
Table 14,official_source_mga_clap_clotho_paraphrase_released_uiq,MGA-CLAP,Clotho,UIQ Paraphrase T2A,R@1,19.62,23.157895,3.537895,18.032085,0,MGA-CLAP@48ca5a5cd22cd34427e118bd8cf332090ec54770:model.pt#sha256=8703740b738e973a5b4d8a18a074ad56880e98f8ba21cd618d7d7ee5422d6e26,trend_reproduced,"[unit=percent] [CODE][OBSERVED] Released Paraphrase UIQ over the canonical 1,045-audio Clotho candidate bank. The controlled public-code value is retained despite its positive PAPER delta; strict baseline UIQ preprocessing is not published."
Table 14,official_source_mga_clap_clotho_paraphrase_released_uiq,MGA-CLAP,Clotho,UIQ Paraphrase T2A,R@5,47.56,50.909091,3.349091,7.041823,0,MGA-CLAP@48ca5a5cd22cd34427e118bd8cf332090ec54770:model.pt#sha256=8703740b738e973a5b4d8a18a074ad56880e98f8ba21cd618d7d7ee5422d6e26,trend_reproduced,"[unit=percent] [CODE][OBSERVED] Released Paraphrase UIQ over the canonical 1,045-audio Clotho candidate bank. The controlled public-code value is retained despite its positive PAPER delta; strict baseline UIQ preprocessing is not published."
Table 14,official_source_mga_clap_clotho_paraphrase_released_uiq,MGA-CLAP,Clotho,UIQ Paraphrase T2A,R@10,59.71,63.827751,4.117751,6.89625,0,MGA-CLAP@48ca5a5cd22cd34427e118bd8cf332090ec54770:model.pt#sha256=8703740b738e973a5b4d8a18a074ad56880e98f8ba21cd618d7d7ee5422d6e26,trend_reproduced,"[unit=percent] [CODE][OBSERVED] Released Paraphrase UIQ over the canonical 1,045-audio Clotho candidate bank. The controlled public-code value is retained despite its positive PAPER delta; strict baseline UIQ preprocessing is not published."
Table 14,official_source_oea_nemo3b_ac_clotho_uiq_paraphrase_released_canonical_id,OEA-Nemo3B,Clotho,UIQ Paraphrase T2A,R@1,20.96,20.76555023923445,0.19445,-0.927718,42,JudeJiwoo/OEA-Nemo3B-AC@8ed66aa77bc6f2001b807b5d2bd3e60503d89535/step_400_best.pt#sha256:55579dfbd4f6621b5d842c5e731d6a1d37dbfd04b26b1c55bf8cdea980e67d25,close,[unit=percent] [CODE][OBSERVED] Released Paraphrase UIQ queries use exact canonical Clotho target IDs with the official OEA loading path and official metric source.
Table 14,official_source_oea_nemo3b_ac_clotho_uiq_paraphrase_released_canonical_id,OEA-Nemo3B,Clotho,UIQ Paraphrase T2A,R@5,44.50,44.30622009569378,0.19378,-0.43546,42,JudeJiwoo/OEA-Nemo3B-AC@8ed66aa77bc6f2001b807b5d2bd3e60503d89535/step_400_best.pt#sha256:55579dfbd4f6621b5d842c5e731d6a1d37dbfd04b26b1c55bf8cdea980e67d25,close,[unit=percent] [CODE][OBSERVED] Released Paraphrase UIQ queries use exact canonical Clotho target IDs with the official OEA loading path and official metric source.
Table 14,official_source_oea_nemo3b_ac_clotho_uiq_paraphrase_released_canonical_id,OEA-Nemo3B,Clotho,UIQ Paraphrase T2A,R@10,57.22,56.65071770334929,0.569282,-0.994901,42,JudeJiwoo/OEA-Nemo3B-AC@8ed66aa77bc6f2001b807b5d2bd3e60503d89535/step_400_best.pt#sha256:55579dfbd4f6621b5d842c5e731d6a1d37dbfd04b26b1c55bf8cdea980e67d25,close,[unit=percent] [CODE][OBSERVED] Released Paraphrase UIQ queries use exact canonical Clotho target IDs with the official OEA loading path and official metric source.
Table 15,oea_nemo3b_cl_clotho_uiq_tagging_keyphrase_released_canonical_id,OEA-Nemo3B (+Cl),Clotho,UIQ Keyphrase T2A,R@1,25.93,25.837320574162682,0.092679,-0.357422,42,JudeJiwoo/OEA-Nemo3B-Cl@9588912298afca0b11f5895b864ae28083f35022/step_450_best_inference_only.pt#sha256:2a5bee9039a28c0028cf205d1e2f4302fda540dd913f4cc1b08301edfc6680c4,close,"[unit=percent] [CODE] Released tagging UIQ queries (called Keyphrase by PAPER) use exact canonical Clotho target IDs. Absolute delta is 0.092679 percentage points. The public-code audio candidate bank omits the passage: prefix stated by PAPER, so this is not labeled a strict paper-protocol reproduction."
Table 15,oea_nemo3b_cl_clotho_uiq_tagging_keyphrase_released_canonical_id,OEA-Nemo3B (+Cl),Clotho,UIQ Keyphrase T2A,R@5,52.54,52.63157894736842,0.091579,0.174303,42,JudeJiwoo/OEA-Nemo3B-Cl@9588912298afca0b11f5895b864ae28083f35022/step_450_best_inference_only.pt#sha256:2a5bee9039a28c0028cf205d1e2f4302fda540dd913f4cc1b08301edfc6680c4,close,"[unit=percent] [CODE] Released tagging UIQ queries (called Keyphrase by PAPER) use exact canonical Clotho target IDs. Absolute delta is 0.091579 percentage points. The public-code audio candidate bank omits the passage: prefix stated by PAPER, so this is not labeled a strict paper-protocol reproduction."
Table 15,oea_nemo3b_cl_clotho_uiq_tagging_keyphrase_released_canonical_id,OEA-Nemo3B (+Cl),Clotho,UIQ Keyphrase T2A,R@10,66.03,66.1244019138756,0.094402,0.142968,42,JudeJiwoo/OEA-Nemo3B-Cl@9588912298afca0b11f5895b864ae28083f35022/step_450_best_inference_only.pt#sha256:2a5bee9039a28c0028cf205d1e2f4302fda540dd913f4cc1b08301edfc6680c4,close,"[unit=percent] [CODE] Released tagging UIQ queries (called Keyphrase by PAPER) use exact canonical Clotho target IDs. Absolute delta is 0.094402 percentage points. The public-code audio candidate bank omits the passage: prefix stated by PAPER, so this is not labeled a strict paper-protocol reproduction."
Table 15,oea_qwen3b_cl_clotho_uiq_tagging_keyphrase_released_canonical_id,OEA-Qwen3B (+Cl),Clotho,UIQ Keyphrase T2A,R@1,27.66,27.55980861244019,0.100191,-0.362225,42,JudeJiwoo/OEA-Qwen3B-Cl@54ccd008d4a1340d2a1f8edcd5dd0e82c61367a4/step_40_inference_only.pt#sha256:f084bf3c3ad645809e4c7e22cf148caef788cb96c019729576b881291268432a,close,"[unit=percent] [CODE] Released tagging UIQ queries (called Keyphrase by PAPER) use exact canonical Clotho target IDs. Absolute delta is 0.100191 percentage points. The public-code audio candidate bank omits the passage: prefix stated by PAPER, so this is not labeled a strict paper-protocol reproduction."
Table 15,oea_qwen3b_cl_clotho_uiq_tagging_keyphrase_released_canonical_id,OEA-Qwen3B (+Cl),Clotho,UIQ Keyphrase T2A,R@5,57.99,58.08612440191388,0.096124,0.16576,42,JudeJiwoo/OEA-Qwen3B-Cl@54ccd008d4a1340d2a1f8edcd5dd0e82c61367a4/step_40_inference_only.pt#sha256:f084bf3c3ad645809e4c7e22cf148caef788cb96c019729576b881291268432a,close,"[unit=percent] [CODE] Released tagging UIQ queries (called Keyphrase by PAPER) use exact canonical Clotho target IDs. Absolute delta is 0.096124 percentage points. The public-code audio candidate bank omits the passage: prefix stated by PAPER, so this is not labeled a strict paper-protocol reproduction."
Table 15,oea_qwen3b_cl_clotho_uiq_tagging_keyphrase_released_canonical_id,OEA-Qwen3B (+Cl),Clotho,UIQ Keyphrase T2A,R@10,71.87,71.67464114832536,0.195359,-0.271823,42,JudeJiwoo/OEA-Qwen3B-Cl@54ccd008d4a1340d2a1f8edcd5dd0e82c61367a4/step_40_inference_only.pt#sha256:f084bf3c3ad645809e4c7e22cf148caef788cb96c019729576b881291268432a,close,"[unit=percent] [CODE] Released tagging UIQ queries (called Keyphrase by PAPER) use exact canonical Clotho target IDs. Absolute delta is 0.195359 percentage points. The public-code audio candidate bank omits the passage: prefix stated by PAPER, so this is not labeled a strict paper-protocol reproduction."
Table 15,oea_qwen3b_clotho_uiq_tagging_keyphrase_released_canonical_id,OEA-Qwen3B,Clotho,UIQ Keyphrase T2A,R@1,24.50,24.30622009569378,0.19378,-0.790938,42,JudeJiwoo/OEA-Qwen3B-AC@f6c4b3b86385fd7ecbe3bacf45548a2259af8db4/step_350_inference_only.pt#sha256:b1d0f559711b70f5a80dbdeb8cd46d80ed7b38b8e5524b9a871878d8bcd5f101,close,"[unit=percent] [CODE] Released tagging UIQ queries (called Keyphrase by PAPER) use exact canonical Clotho target IDs. Absolute delta is 0.193780 percentage points. The public-code audio candidate bank omits the passage: prefix stated by PAPER, so this is not labeled a strict paper-protocol reproduction."
Table 15,oea_qwen3b_clotho_uiq_tagging_keyphrase_released_canonical_id,OEA-Qwen3B,Clotho,UIQ Keyphrase T2A,R@5,49.76,49.665071770334926,0.094928,-0.190772,42,JudeJiwoo/OEA-Qwen3B-AC@f6c4b3b86385fd7ecbe3bacf45548a2259af8db4/step_350_inference_only.pt#sha256:b1d0f559711b70f5a80dbdeb8cd46d80ed7b38b8e5524b9a871878d8bcd5f101,close,"[unit=percent] [CODE] Released tagging UIQ queries (called Keyphrase by PAPER) use exact canonical Clotho target IDs. Absolute delta is 0.094928 percentage points. The public-code audio candidate bank omits the passage: prefix stated by PAPER, so this is not labeled a strict paper-protocol reproduction."
Table 15,oea_qwen3b_clotho_uiq_tagging_keyphrase_released_canonical_id,OEA-Qwen3B,Clotho,UIQ Keyphrase T2A,R@10,61.72,61.72248803827751,0.002488,0.004031,42,JudeJiwoo/OEA-Qwen3B-AC@f6c4b3b86385fd7ecbe3bacf45548a2259af8db4/step_350_inference_only.pt#sha256:b1d0f559711b70f5a80dbdeb8cd46d80ed7b38b8e5524b9a871878d8bcd5f101,close,"[unit=percent] [CODE] Released tagging UIQ queries (called Keyphrase by PAPER) use exact canonical Clotho target IDs. Absolute delta is 0.002488 percentage points. The public-code audio candidate bank omits the passage: prefix stated by PAPER, so this is not labeled a strict paper-protocol reproduction."
Table 15,official_source_laion_clap_clotho_tagging_released_uiq,LAION-CLAP,Clotho,UIQ Keyphrase T2A,R@1,17.51,20.382775,2.872775,16.406482,0,laion-clap==1.1.6:630k-audioset-best.pt#sha256=8053c9775516af2f4902e1e8281e356cc1bf7a85e8b761908170767b77c3f037,trend_reproduced,"[unit=percent] [CODE][OBSERVED] Released tagging UIQ, which PAPER calls Keyphrase, over the canonical 1,045-audio Clotho candidate bank. Both labels and the positive PAPER delta are retained."
Table 15,official_source_laion_clap_clotho_tagging_released_uiq,LAION-CLAP,Clotho,UIQ Keyphrase T2A,R@5,41.63,46.794258,5.164258,12.405136,0,laion-clap==1.1.6:630k-audioset-best.pt#sha256=8053c9775516af2f4902e1e8281e356cc1bf7a85e8b761908170767b77c3f037,trend_reproduced,"[unit=percent] [CODE][OBSERVED] Released tagging UIQ, which PAPER calls Keyphrase, over the canonical 1,045-audio Clotho candidate bank. Both labels and the positive PAPER delta are retained."
Table 15,official_source_laion_clap_clotho_tagging_released_uiq,LAION-CLAP,Clotho,UIQ Keyphrase T2A,R@10,55.02,63.349282,8.329282,15.138644,0,laion-clap==1.1.6:630k-audioset-best.pt#sha256=8053c9775516af2f4902e1e8281e356cc1bf7a85e8b761908170767b77c3f037,trend_reproduced,"[unit=percent] [CODE][OBSERVED] Released tagging UIQ, which PAPER calls Keyphrase, over the canonical 1,045-audio Clotho candidate bank. Both labels and the positive PAPER delta are retained."
Table 15,official_source_m2d_clap_clotho_tagging_released_uiq,M2D-CLAP,Clotho,UIQ Keyphrase T2A,R@1,22.11,19.617225,2.492775,-11.274423,0,M2D-CLAP@3d0c4de9447c404a8d3f9f37e04f53bc902e09b3:checkpoint-30.pth#sha256=238521603c04862ab151cdd80980b591cb36ebe844d43203992fac9ef085c8a1,close,"[unit=percent] [CODE][OBSERVED] Released tagging UIQ, which PAPER calls Keyphrase, over the canonical 1,045-audio Clotho candidate bank. The controlled public-code result is close but not exact."
Table 15,official_source_m2d_clap_clotho_tagging_released_uiq,M2D-CLAP,Clotho,UIQ Keyphrase T2A,R@5,48.52,46.411483,2.108517,-4.345666,0,M2D-CLAP@3d0c4de9447c404a8d3f9f37e04f53bc902e09b3:checkpoint-30.pth#sha256=238521603c04862ab151cdd80980b591cb36ebe844d43203992fac9ef085c8a1,close,"[unit=percent] [CODE][OBSERVED] Released tagging UIQ, which PAPER calls Keyphrase, over the canonical 1,045-audio Clotho candidate bank. The controlled public-code result is close but not exact."
Table 15,official_source_m2d_clap_clotho_tagging_released_uiq,M2D-CLAP,Clotho,UIQ Keyphrase T2A,R@10,62.49,63.062201,0.572201,0.915668,0,M2D-CLAP@3d0c4de9447c404a8d3f9f37e04f53bc902e09b3:checkpoint-30.pth#sha256=238521603c04862ab151cdd80980b591cb36ebe844d43203992fac9ef085c8a1,close,"[unit=percent] [CODE][OBSERVED] Released tagging UIQ, which PAPER calls Keyphrase, over the canonical 1,045-audio Clotho candidate bank. The controlled public-code result is close but not exact."
Table 15,official_source_mga_clap_clotho_tagging_released_uiq,MGA-CLAP,Clotho,UIQ Keyphrase T2A,R@1,22.11,27.177033,5.067033,22.917381,0,MGA-CLAP@48ca5a5cd22cd34427e118bd8cf332090ec54770:model.pt#sha256=8703740b738e973a5b4d8a18a074ad56880e98f8ba21cd618d7d7ee5422d6e26,trend_reproduced,"[unit=percent] [CODE][OBSERVED] Released tagging UIQ, which PAPER calls Keyphrase, over the canonical 1,045-audio Clotho candidate bank. Both labels and the positive PAPER delta are retained."
Table 15,official_source_mga_clap_clotho_tagging_released_uiq,MGA-CLAP,Clotho,UIQ Keyphrase T2A,R@5,50.43,56.555024,6.125024,12.145596,0,MGA-CLAP@48ca5a5cd22cd34427e118bd8cf332090ec54770:model.pt#sha256=8703740b738e973a5b4d8a18a074ad56880e98f8ba21cd618d7d7ee5422d6e26,trend_reproduced,"[unit=percent] [CODE][OBSERVED] Released tagging UIQ, which PAPER calls Keyphrase, over the canonical 1,045-audio Clotho candidate bank. Both labels and the positive PAPER delta are retained."
Table 15,official_source_mga_clap_clotho_tagging_released_uiq,MGA-CLAP,Clotho,UIQ Keyphrase T2A,R@10,63.64,69.856459,6.216459,9.768163,0,MGA-CLAP@48ca5a5cd22cd34427e118bd8cf332090ec54770:model.pt#sha256=8703740b738e973a5b4d8a18a074ad56880e98f8ba21cd618d7d7ee5422d6e26,trend_reproduced,"[unit=percent] [CODE][OBSERVED] Released tagging UIQ, which PAPER calls Keyphrase, over the canonical 1,045-audio Clotho candidate bank. Both labels and the positive PAPER delta are retained."
Table 15,official_source_oea_nemo3b_ac_clotho_uiq_tagging_keyphrase_released_canonical_id,OEA-Nemo3B,Clotho,UIQ Keyphrase T2A,R@1,21.53,21.5311004784689,0.0011,0.005111,42,JudeJiwoo/OEA-Nemo3B-AC@8ed66aa77bc6f2001b807b5d2bd3e60503d89535/step_400_best.pt#sha256:55579dfbd4f6621b5d842c5e731d6a1d37dbfd04b26b1c55bf8cdea980e67d25,close,[unit=percent] [CODE][OBSERVED] Released tagging UIQ queries (called Keyphrase by PAPER) use exact canonical Clotho target IDs with the official OEA loading path and official metric source.
Table 15,official_source_oea_nemo3b_ac_clotho_uiq_tagging_keyphrase_released_canonical_id,OEA-Nemo3B,Clotho,UIQ Keyphrase T2A,R@5,45.45,45.83732057416268,0.387321,0.85219,42,JudeJiwoo/OEA-Nemo3B-AC@8ed66aa77bc6f2001b807b5d2bd3e60503d89535/step_400_best.pt#sha256:55579dfbd4f6621b5d842c5e731d6a1d37dbfd04b26b1c55bf8cdea980e67d25,close,[unit=percent] [CODE][OBSERVED] Released tagging UIQ queries (called Keyphrase by PAPER) use exact canonical Clotho target IDs with the official OEA loading path and official metric source.
Table 15,official_source_oea_nemo3b_ac_clotho_uiq_tagging_keyphrase_released_canonical_id,OEA-Nemo3B,Clotho,UIQ Keyphrase T2A,R@10,59.14,60.19138755980862,1.051388,1.777794,42,JudeJiwoo/OEA-Nemo3B-AC@8ed66aa77bc6f2001b807b5d2bd3e60503d89535/step_400_best.pt#sha256:55579dfbd4f6621b5d842c5e731d6a1d37dbfd04b26b1c55bf8cdea980e67d25,close,[unit=percent] [CODE][OBSERVED] Released tagging UIQ queries (called Keyphrase by PAPER) use exact canonical Clotho target IDs with the official OEA loading path and official metric source.
Table 16,oea_qwen3b_clotho_a100_efficiency_strict_paper_protocol,OEA-Qwen3B,"Clotho (1,045 clips; A100-SXM4-80GB)",Inference efficiency,Audio encoding (ms/clip),539.3,,,,,JudeJiwoo/OEA-Qwen3B-Cl@54ccd008d4a1340d2a1f8edcd5dd0e82c61367a4/step_40_inference_only.pt#sha256:f084bf3c3ad645809e4c7e22cf148caef788cb96c019729576b881291268432a,blocked,[unit=milliseconds] [MISSING] Appendix Table 16 repeats the Table 5 value without publishing the timing boundary. The controlled A100 measurement is retained separately and not promoted to a strict reproduction.
Table 16,oea_qwen3b_clotho_a100_efficiency_strict_paper_protocol,OEA-Qwen3B,"Clotho (1,045 clips; A100-SXM4-80GB)",Inference efficiency,Text encoding (ms/query),2.60,,,,,JudeJiwoo/OEA-Qwen3B-Cl@54ccd008d4a1340d2a1f8edcd5dd0e82c61367a4/step_40_inference_only.pt#sha256:f084bf3c3ad645809e4c7e22cf148caef788cb96c019729576b881291268432a,blocked,[unit=milliseconds] [MISSING] Appendix Table 16 repeats the Table 5 value without publishing the timing boundary. The controlled A100 measurement is retained separately and not promoted to a strict reproduction.
Table 16,oea_qwen3b_clotho_a100_efficiency_strict_paper_protocol,OEA-Qwen3B,"Clotho (1,045 clips; A100-SXM4-80GB)",Inference efficiency,Peak GPU memory (GB),11.6,,,,,JudeJiwoo/OEA-Qwen3B-Cl@54ccd008d4a1340d2a1f8edcd5dd0e82c61367a4/step_40_inference_only.pt#sha256:f084bf3c3ad645809e4c7e22cf148caef788cb96c019729576b881291268432a,blocked,[unit=gigabytes] [MISSING] Appendix Table 16 repeats an undefined peak-memory statistic. Allocated/reserved and decimal/binary controlled readings are retained without selecting the closest value.
Table 16,oea_qwen3b_clotho_a100_efficiency_strict_paper_protocol,OEA-Qwen3B,"Clotho (1,045 clips; A100-SXM4-80GB)",Inference efficiency,Trainable parameters (M),16.2,,,,,JudeJiwoo/OEA-Qwen3B-Cl@54ccd008d4a1340d2a1f8edcd5dd0e82c61367a4/step_40_inference_only.pt#sha256:f084bf3c3ad645809e4c7e22cf148caef788cb96c019729576b881291268432a,blocked,"[unit=million_parameters] [MISSING] Appendix Table 16 repeats the 16.2M count without a counting procedure. The exact released-checkpoint 14.71488M count is reported as a discrepancy, not filled by an inferred component."
